,assists,evGoals,evPoints,faceoffWinPct,gameWinningGoals,gamesPlayed,goals,lastName,otGoals,penaltyMinutes,playerId,plusMinus,points,pointsPerGame,positionCode,ppGoals,ppPoints,seasonId,shGoals,shPoints,shootingPct,shootsCatches,shots,skaterFullName,teamAbbrevs,timeOnIcePerGame
0,20,5,18,,0,50,5,Heiskanen,0,10,8480036,7,25,0.5,D,0,7,20242025,0,0,0.04629,L,108,Miro Heiskanen,DAL,1509.62
1,17,12,21,0.51278,2,60,13,Frost,0,22,8480028,-14,30,0.5,C,1,9,20242025,0,0,0.12149,L,107,Morgan Frost,"PHI,CGY",922.95
2,2,2,4,,0,20,2,Tucker,0,30,8481006,-1,4,0.2,D,0,0,20242025,0,0,0.10526,L,19,Tyler Tucker,STL,784.05
3,29,1,20,,0,64,1,Grzelcyk,0,8,8476891,-12,30,0.46875,D,0,10,20242025,0,0,0.01298,L,77,Matt Grzelcyk,PIT,1209.2031
4,0,0,0,,0,2,0,Sebrango,0,0,8482131,-1,0,0.0,D,0,0,20242025,0,0,,L,0,Donovan Sebrango,OTT,618.5
5,12,5,15,0.53497,2,62,6,Carrick,1,50,8475842,4,18,0.29032,C,0,0,20242025,1,3,0.09836,R,61,Sam Carrick,NYR,686.4032
6,1,0,1,0.6,0,5,0,Hryckowian,0,0,8484829,1,1,0.2,C,0,0,20242025,0,0,0.0,L,3,Justin Hryckowian,DAL,472.8
7,10,14,21,0.19047,4,53,17,McMann,0,18,8482259,5,27,0.50943,C,3,6,20242025,0,0,0.13934,L,122,Bobby McMann,TOR,879.7547
8,0,1,1,0.43243,0,8,1,Laczynski,0,6,8479550,-1,1,0.125,C,0,0,20242025,0,0,0.5,R,2,Tanner Laczynski,VGK,516.0
9,9,1,10,,0,51,1,Thrun,0,28,8481567,-16,10,0.19607,D,0,0,20242025,0,0,0.02272,L,44,Henry Thrun,SJS,1019.0588
10,2,1,2,,0,22,1,Johnson,0,11,8473446,-3,3,0.13636,D,0,0,20242025,0,1,0.07142,R,14,Erik Johnson,PHI,798.2727
11,0,0,0,1.0,0,2,0,Malatesta,0,0,8482744,-1,0,0.0,L,0,0,20242025,0,0,,L,0,James Malatesta,CBJ,634.0
12,8,3,10,0.25,0,49,3,Holtz,0,8,8482125,-3,11,0.22448,R,0,1,20242025,0,0,0.04838,R,62,Alexander Holtz,VGK,691.1224
13,22,12,25,,5,57,17,Chychrun,1,36,8479345,21,39,0.68421,D,5,14,20242025,0,0,0.12686,L,134,Jakob Chychrun,WSH,1267.2631
14,3,2,5,0.5,0,36,2,Lazar,0,12,8477508,0,5,0.13888,C,0,0,20242025,0,0,0.08695,R,23,Curtis Lazar,NJD,627.3333
15,6,4,9,0.5,0,50,4,Smith,0,55,8482062,-7,10,0.2,R,0,0,20242025,0,1,0.08695,L,46,Cole Smith,NSH,793.92
16,6,2,7,0.43046,0,15,2,Del Bel Belluz,0,0,8483432,2,8,0.53333,C,0,1,20242025,0,0,0.11111,L,18,Luca Del Bel Belluz,CBJ,825.2
17,18,12,26,0.33333,2,54,14,Holmstrom,0,6,8481601,7,32,0.59259,R,1,3,20242025,1,3,0.20289,L,69,Simon Holmstrom,NYI,992.4444
18,1,1,2,0.66666,0,19,1,Aube-Kubel,0,17,8477979,-4,2,0.10526,R,0,0,20242025,0,0,0.05555,R,18,Nicolas Aube-Kubel,BUF,571.7368
19,8,8,16,0.45512,0,44,8,Fabbri,0,20,8477952,-6,16,0.36363,C,0,0,20242025,0,0,0.12307,L,65,Robby Fabbri,ANA,972.2727
20,0,0,0,,0,2,0,Kemell,0,0,8483465,0,0,0.0,R,0,0,20242025,0,0,0.0,R,8,Joakim Kemell,NSH,620.5
21,0,0,0,,0,2,0,Hakanpää,0,0,8475825,-1,0,0.0,D,0,0,20242025,0,0,0.0,R,2,Jani Hakanpää,TOR,845.0
22,14,5,18,0.56916,0,61,6,Dvorak,0,12,8477989,-11,20,0.32786,C,1,2,20242025,0,0,0.075,L,80,Christian Dvorak,MTL,896.1639
23,29,11,32,0.36818,1,60,13,Buchnevich,0,21,8477402,5,42,0.7,L,2,9,20242025,0,1,0.11304,L,115,Pavel Buchnevich,STL,1134.7166
24,13,8,19,0.46849,1,56,10,Kasper,0,20,8483464,-9,23,0.41071,C,2,4,20242025,0,0,0.10526,L,95,Marco Kasper,DET,894.4464
25,0,0,0,0.57142,0,2,0,Suzuki,0,0,8481576,1,0,0.0,C,0,0,20242025,0,0,,L,0,Ryan Suzuki,CAR,395.5
26,1,0,1,,0,8,1,Smith,0,4,8480883,1,2,0.25,D,1,1,20242025,0,0,0.07142,L,14,Ty Smith,CAR,819.875
27,4,4,8,0.25,1,41,4,Engvall,0,12,8478115,-7,8,0.19512,L,0,0,20242025,0,0,0.09523,L,42,Pierre Engvall,NYI,665.0487
28,21,16,31,0.25,4,61,28,Wilson,2,59,8476880,17,49,0.80327,R,11,16,20242025,1,2,0.20143,R,139,Tom Wilson,WSH,1131.4918
29,0,1,1,,0,3,1,Ford,0,2,8484135,1,1,0.33333,C,0,0,20242025,0,0,0.5,R,2,Parker Ford,WPG,470.0
30,1,0,1,0.38888,0,8,0,Tynan,0,4,8476391,-1,1,0.125,C,0,0,20242025,0,0,0.0,R,4,T.J. Tynan,COL,476.375
31,13,15,28,0.51736,3,59,16,Howden,1,24,8479353,9,29,0.49152,C,0,0,20242025,1,1,0.15533,L,103,Brett Howden,VGK,897.8305
32,21,16,37,0.35,3,50,18,Barbashev,1,8,8477964,18,39,0.78,C,2,2,20242025,0,0,0.21428,L,84,Ivan Barbashev,VGK,1013.94
33,21,10,25,0.33333,3,60,16,Garland,2,31,8478856,-6,37,0.61666,R,6,12,20242025,0,0,0.12307,R,130,Conor Garland,VAN,1130.3333
34,17,3,19,,0,59,3,Gavrikov,0,14,8478882,6,20,0.33898,D,0,0,20242025,0,1,0.03797,L,79,Vladislav Gavrikov,LAK,1429.9322
35,23,12,27,0.56692,3,60,23,Hertl,0,18,8476881,-12,46,0.76666,C,11,19,20242025,0,0,0.15646,L,147,Tomas Hertl,VGK,1033.05
36,0,0,0,,0,1,0,Ginning,0,0,8480874,-1,0,0.0,D,0,0,20242025,0,0,,L,0,Adam Ginning,PHI,768.0
37,6,2,8,,0,50,2,Timmins,0,24,8479982,2,8,0.16,D,0,0,20242025,0,0,0.03921,R,51,Conor Timmins,TOR,977.02
38,10,12,21,0.42857,3,56,13,Sherwood,0,24,8480748,-2,23,0.41071,L,0,1,20242025,1,1,0.12871,R,101,Kiefer Sherwood,VAN,875.2142
39,17,4,19,,0,55,5,Evans,0,18,8482858,-2,22,0.4,D,1,3,20242025,0,0,0.10204,L,49,Ryker Evans,SEA,1186.0545
40,25,18,33,0.5474,6,57,25,Hintz,0,18,8478449,11,50,0.87719,C,6,15,20242025,1,2,0.18939,L,132,Roope Hintz,DAL,1014.7894
41,15,6,21,0.22448,2,61,6,Podkolzin,0,22,8481617,6,21,0.34426,R,0,0,20242025,0,0,0.06976,L,86,Vasily Podkolzin,EDM,775.9508
42,6,9,15,0.4,1,53,11,Robertson,0,6,8481582,-2,17,0.32075,L,2,2,20242025,0,0,0.1279,L,86,Nicholas Robertson,TOR,726.9433
43,18,19,29,0.52941,1,60,24,Toffoli,0,12,8475726,-16,42,0.7,C,5,13,20242025,0,0,0.14035,R,171,Tyler Toffoli,SJS,994.9
44,3,3,6,0.58333,0,54,5,Barron,0,14,8480289,4,8,0.14814,C,0,0,20242025,2,2,0.08196,L,61,Morgan Barron,WPG,621.1851
45,10,8,18,0.44444,2,51,8,Appleton,0,16,8478891,7,18,0.35294,C,0,0,20242025,0,0,0.09523,R,84,Mason Appleton,WPG,881.745
46,5,7,12,0.49236,0,45,9,Lizotte,0,24,8481481,-4,14,0.31111,C,1,1,20242025,1,1,0.21951,L,41,Blake Lizotte,PIT,720.5111
47,7,3,8,,0,33,3,Cholowski,0,10,8479395,1,10,0.30303,D,0,2,20242025,0,0,0.11538,L,26,Dennis Cholowski,NYI,767.5757
48,26,18,35,0.66666,4,53,21,Rust,2,16,8475810,-24,47,0.88679,R,3,12,20242025,0,0,0.15789,R,133,Bryan Rust,PIT,1176.8301
49,0,0,0,,0,7,0,Benning,0,4,8476988,-5,0,0.0,D,0,0,20242025,0,0,0.0,R,7,Matthew Benning,SJS,782.4285
50,0,0,0,0.0,0,3,0,McGroarty,0,0,8483487,-1,0,0.0,R,0,0,20242025,0,0,0.0,L,2,Rutger McGroarty,PIT,697.0
51,13,9,21,0.50717,2,56,10,Copp,0,8,8477429,4,23,0.41071,C,0,1,20242025,1,1,0.14925,L,67,Andrew Copp,DET,882.1428
52,19,8,23,0.35172,1,55,11,Smith,0,10,8484227,-9,30,0.54545,C,3,7,20242025,0,0,0.13095,R,84,Will Smith,SJS,893.0
53,11,6,15,0.46562,0,49,7,Hartman,0,60,8477451,-7,18,0.36734,R,1,3,20242025,0,0,0.0625,R,112,Ryan Hartman,MIN,885.8775
54,0,0,0,,0,12,0,Leddy,0,0,8475181,2,0,0.0,D,0,0,20242025,0,0,0.0,L,12,Nick Leddy,STL,1150.75
55,0,0,0,,0,1,0,Sabourin,0,0,8477149,-2,0,0.0,R,0,0,20242025,0,0,,R,0,Scott Sabourin,SJS,627.0
56,3,4,6,0.37158,1,31,6,Svechkov,0,4,8482768,-11,9,0.29032,C,2,3,20242025,0,0,0.14634,L,41,Fedor Svechkov,NSH,722.6129
57,7,5,11,0.54255,1,61,5,Cizikas,0,38,8475231,-12,12,0.19672,C,0,1,20242025,0,0,0.07462,L,67,Casey Cizikas,NYI,767.8196
58,6,1,6,0.33333,0,29,1,Kostin,0,25,8480011,-3,7,0.24137,C,0,1,20242025,0,0,0.05,L,20,Klim Kostin,SJS,623.1724
59,4,1,3,,0,11,1,Doughty,0,8,8474563,0,5,0.45454,D,0,2,20242025,0,0,0.05263,R,19,Drew Doughty,LAK,1515.4545
60,15,6,16,0.46883,1,42,9,Eriksson Ek,0,20,8478493,5,24,0.57142,C,3,8,20242025,0,0,0.07317,L,123,Joel Eriksson Ek,MIN,1177.9761
61,24,18,29,0.48936,4,61,29,DeBrincat,1,14,8479337,-14,53,0.86885,R,11,24,20242025,0,0,0.17058,R,170,Alex DeBrincat,DET,1062.6721
62,21,10,21,0.49132,4,60,16,Nugent-Hopkins,1,22,8476454,2,37,0.61666,C,6,16,20242025,0,0,0.13675,L,117,Ryan Nugent-Hopkins,EDM,1135.0833
63,13,5,14,,1,61,8,Andersson,0,50,8478397,-22,21,0.34426,D,3,7,20242025,0,0,0.06722,R,119,Rasmus Andersson,CGY,1445.4754
64,1,0,1,0.0,0,5,0,LaBate,0,5,8476425,1,1,0.2,C,0,0,20242025,0,0,0.0,L,2,Joseph LaBate,CBJ,580.6
65,19,13,31,,4,61,15,Parayko,1,8,8476892,8,34,0.55737,D,1,1,20242025,1,2,0.12295,R,122,Colton Parayko,STL,1431.8524
66,7,7,12,0.43867,0,57,8,Frederic,0,44,8479365,-14,15,0.26315,C,1,3,20242025,0,0,0.10526,L,76,Trent Frederic,BOS,830.1929
67,6,13,19,0.53968,2,63,13,Cotter,0,45,8481032,-9,19,0.30158,C,0,0,20242025,0,0,0.17808,L,73,Paul Cotter,NJD,807.4761
68,17,3,16,,0,58,3,Spence,0,16,8481606,10,20,0.34482,D,0,4,20242025,0,0,0.04761,R,63,Jordan Spence,LAK,1045.0
69,19,8,23,,2,61,12,Montour,0,37,8477986,-11,31,0.50819,D,4,8,20242025,0,0,0.06741,R,178,Brandon Montour,SEA,1389.377
70,20,9,27,0.50513,1,60,11,Cozens,0,62,8481528,-14,31,0.51666,C,2,4,20242025,0,0,0.07971,R,138,Dylan Cozens,BUF,1033.2833
71,0,0,0,,0,8,0,Bjornfot,0,0,8481600,2,0,0.0,D,0,0,20242025,0,0,0.0,L,8,Tobias Bjornfot,FLA,804.0
72,18,3,17,0.46005,2,55,7,Compher,0,10,8477456,0,25,0.45454,L,4,8,20242025,0,0,0.09722,R,72,J.T. Compher,DET,1009.5454
73,1,3,4,0.5,0,18,3,Gatcomb,0,9,8483553,-2,4,0.22222,C,0,0,20242025,0,0,0.2,R,15,Marc Gatcomb,NYI,547.6111
74,0,0,0,,0,11,0,Reilly,0,2,8476422,1,0,0.0,D,0,0,20242025,0,0,0.0,L,15,Mike Reilly,NYI,945.0909
75,3,3,6,,0,47,3,Stecher,0,27,8479442,-3,6,0.12765,D,0,0,20242025,0,0,0.08108,R,37,Troy Stecher,EDM,827.7021
76,23,16,28,0.0,4,47,20,Johnson,0,10,8482660,0,43,0.91489,C,3,12,20242025,1,3,0.21739,L,92,Kent Johnson,CBJ,1042.7021
77,8,1,9,,0,48,1,Stanley,0,72,8479378,9,9,0.1875,D,0,0,20242025,0,0,0.02631,L,38,Logan Stanley,WPG,948.2708
78,8,5,12,0.49111,1,40,6,Danforth,0,10,8479941,-7,14,0.35,R,0,1,20242025,1,1,0.0909,R,66,Justin Danforth,CBJ,888.25
79,7,5,11,0.36363,1,22,6,Eberle,1,8,8474586,0,13,0.5909,R,1,2,20242025,0,0,0.18181,R,33,Jordan Eberle,SEA,932.5454
80,0,0,0,,0,1,0,Hunt,0,0,8478211,-1,0,0.0,L,0,0,20242025,0,0,0.0,L,2,Dryden Hunt,CGY,753.0
81,8,1,8,,0,33,2,Moser,0,16,8482655,15,10,0.30303,D,0,1,20242025,1,1,0.0606,L,33,J.J. Moser,TBL,1177.1212
82,5,4,9,0.50454,0,40,4,Jankowski,0,15,8476873,1,9,0.225,L,0,0,20242025,0,0,0.09756,L,41,Mark Jankowski,NSH,759.925
83,14,2,12,1.0,3,43,6,Kuzmenko,0,12,8483808,-11,20,0.46511,L,4,8,20242025,0,0,0.11538,R,52,Andrei Kuzmenko,"CGY,PHI",908.6279
84,0,0,0,,0,4,0,Viel,0,9,8479705,-1,0,0.0,L,0,0,20242025,0,0,0.0,L,3,Jeffrey Viel,BOS,464.0
85,11,8,17,0.47148,1,55,9,Bourque,0,4,8482145,4,20,0.36363,C,1,3,20242025,0,0,0.16071,R,56,Mavrik Bourque,DAL,749.8
86,0,0,0,0.23076,0,3,0,White,0,0,8478400,-1,0,0.0,C,0,0,20242025,0,0,0.0,R,1,Colin White,SJS,438.3333
87,8,2,10,,0,54,2,Brodie,0,18,8474673,-18,10,0.18518,D,0,0,20242025,0,0,0.08695,L,23,TJ Brodie,CHI,937.9444
88,0,0,0,1.0,0,2,0,Polin,0,0,8484255,0,0,0.0,R,0,0,20242025,0,0,0.0,R,3,Jason Polin,COL,311.0
89,5,1,5,,1,34,1,Petry,0,12,8473507,-7,6,0.17647,D,0,1,20242025,0,0,0.04347,R,23,Jeff Petry,DET,1151.0
90,24,13,32,0.31818,3,62,17,Meier,0,52,8478414,13,41,0.66129,R,4,9,20242025,0,0,0.09497,L,179,Timo Meier,NJD,1046.4354
91,3,3,6,,2,42,3,Jokiharju,0,12,8480035,6,6,0.14285,D,0,0,20242025,0,0,0.06818,R,44,Henri Jokiharju,BUF,978.3095
92,2,0,2,0.40789,0,12,0,Philp,0,2,8481491,1,2,0.16666,C,0,0,20242025,0,0,0.0,R,12,Noah Philp,EDM,520.0833
93,0,0,0,,0,2,0,Foote,0,0,8481518,-1,0,0.0,L,0,0,20242025,0,0,,L,0,Nolan Foote,NJD,646.0
94,8,9,17,0.25925,0,60,9,Tanev,0,10,8479293,-12,17,0.28333,L,0,0,20242025,0,0,0.10588,L,85,Brandon Tanev,SEA,836.4
95,0,0,0,,0,6,0,Coghlan,0,4,8479639,1,0,0.0,D,0,0,20242025,0,0,0.0,R,9,Dylan Coghlan,WPG,921.1666
96,15,1,16,,0,49,1,Murphy,0,44,8476473,-4,16,0.32653,D,0,0,20242025,0,0,0.01754,R,57,Connor Murphy,CHI,1249.3673
97,3,2,4,0.69565,0,35,4,Joshua,0,22,8478057,-9,7,0.2,C,1,2,20242025,1,1,0.19047,L,21,Dakota Joshua,VAN,792.9428
98,16,7,17,0.0,0,59,8,Tarasenko,0,6,8475765,-11,24,0.40677,R,1,7,20242025,0,0,0.07619,L,105,Vladimir Tarasenko,DET,895.2881
99,4,4,7,,0,41,4,Barron,0,16,8482111,-14,8,0.19512,D,0,1,20242025,0,0,0.09756,R,41,Justin Barron,"MTL,NSH",967.0
100,12,7,17,0.30769,0,46,7,Arvidsson,0,16,8478042,3,19,0.41304,L,0,2,20242025,0,0,0.0693,R,101,Viktor Arvidsson,EDM,880.8043
101,11,3,13,0.52662,1,51,4,Glass,0,12,8479996,-9,15,0.29411,C,1,2,20242025,0,0,0.05128,R,78,Cody Glass,PIT,805.0784
102,8,2,10,,0,35,2,Vaakanainen,0,16,8480001,2,10,0.28571,D,0,0,20242025,0,0,0.08,L,25,Urho Vaakanainen,"ANA,NYR",938.9428
103,0,0,0,,0,5,0,Bemstrom,0,0,8480205,-1,0,0.0,C,0,0,20242025,0,0,0.0,R,5,Emil Bemstrom,PIT,607.2
104,4,0,4,,0,57,0,Benoit,0,37,8481122,3,4,0.07017,D,0,0,20242025,0,0,0.0,L,36,Simon Benoit,TOR,985.228
105,8,2,7,,1,36,2,Zub,0,20,8482245,-4,10,0.27777,D,0,1,20242025,0,2,0.04761,R,42,Artem Zub,OTT,1214.6944
106,14,4,16,,1,54,4,Pulock,0,12,8477506,5,18,0.33333,D,0,1,20242025,0,1,0.05194,R,77,Ryan Pulock,NYI,1289.5
107,10,6,16,,0,55,6,Anderson,0,18,8479998,6,16,0.2909,D,0,0,20242025,0,0,0.09375,L,64,Mikey Anderson,LAK,1363.9818
108,37,14,43,0.49496,3,62,16,Dubois,1,44,8479400,22,53,0.85483,L,2,10,20242025,0,0,0.15094,L,106,Pierre-Luc Dubois,WSH,1040.9838
109,14,3,16,,0,62,3,Fehervary,0,21,8480796,13,17,0.27419,D,0,0,20242025,0,1,0.05084,L,59,Martin Fehervary,WSH,1140.8387
110,19,5,21,,1,60,8,Ekholm,1,28,8475218,10,27,0.45,D,3,6,20242025,0,0,0.0597,L,134,Mattias Ekholm,EDM,1356.0166
111,15,6,19,,1,49,6,Broberg,0,10,8481598,11,21,0.42857,D,0,2,20242025,0,0,0.0845,L,71,Philip Broberg,STL,1204.3265
112,9,4,12,0.0,0,45,4,L'Heureux,0,52,8482742,-6,13,0.28888,L,0,1,20242025,0,0,0.07142,L,56,Zachary L'Heureux,NSH,698.7777
113,6,0,6,,0,36,0,Bryson,0,10,8480196,-2,6,0.16666,D,0,0,20242025,0,0,0.0,L,13,Jacob Bryson,BUF,846.1666
114,3,2,5,0.33333,1,13,4,Mantha,0,11,8477511,6,7,0.53846,R,1,1,20242025,1,1,0.26666,L,15,Anthony Mantha,CGY,834.1538
115,11,1,12,,0,59,1,Lyubushkin,0,20,8480950,12,12,0.20338,D,0,0,20242025,0,0,0.02777,R,36,Ilya Lyubushkin,DAL,1020.5932
116,23,14,28,0.34166,1,55,23,Jarvis,0,12,8482093,2,46,0.83636,C,6,13,20242025,3,5,0.16197,R,142,Seth Jarvis,CAR,1165.5636
117,6,0,6,,0,31,0,Fleury,0,4,8477938,-7,6,0.19354,D,0,0,20242025,0,0,0.0,L,33,Haydn Fleury,WPG,990.5806
118,7,0,7,,0,50,0,Mahura,0,14,8479372,5,7,0.14,D,0,0,20242025,0,0,0.0,L,50,Josh Mahura,SEA,815.24
119,10,4,14,0.47685,0,53,5,Bjugstad,0,12,8475760,-9,15,0.28301,C,1,1,20242025,0,0,0.05263,R,95,Nick Bjugstad,UTA,758.566
120,20,5,19,0.47968,2,58,8,Wennberg,2,8,8477505,-13,28,0.48275,C,3,9,20242025,0,0,0.12903,L,62,Alexander Wennberg,SJS,1096.2068
121,47,16,41,0.31034,4,60,22,Keller,1,16,8479343,-6,69,1.15,R,6,28,20242025,0,0,0.13414,L,164,Clayton Keller,UTA,1152.7666
122,13,4,15,0.0,0,48,5,Evangelista,0,18,8482146,-4,18,0.375,R,1,3,20242025,0,0,0.05882,R,85,Luke Evangelista,NSH,779.9166
123,5,0,5,,0,22,0,Korczak,0,0,8481527,4,5,0.22727,D,0,0,20242025,0,0,0.0,R,18,Kaedan Korczak,VGK,879.409
124,1,2,2,,0,4,2,Chibrikov,0,0,8482787,1,3,0.75,R,0,1,20242025,0,0,0.33333,L,6,Nikita Chibrikov,WPG,684.25
125,7,12,19,0.46035,3,46,12,Kulich,1,12,8483468,1,19,0.41304,C,0,0,20242025,0,0,0.12244,L,98,Jiri Kulich,BUF,869.1086
126,5,1,6,,0,58,1,Xhekaj,0,89,8482964,-8,6,0.10344,D,0,0,20242025,0,0,0.01612,L,62,Arber Xhekaj,MTL,905.7241
127,8,5,13,0.52036,0,61,5,Kuraly,0,22,8476374,0,13,0.21311,C,0,0,20242025,0,0,0.08928,L,56,Sean Kuraly,CBJ,697.6065
128,13,6,17,0.38943,1,53,6,Reichel,0,10,8482117,-6,19,0.35849,L,0,2,20242025,0,0,0.10526,L,57,Lukas Reichel,CHI,732.9622
129,0,0,0,,0,3,0,Boyd,0,0,8476329,0,0,0.0,C,0,0,20242025,0,0,,R,0,Travis Boyd,MIN,468.3333
130,13,1,14,,0,52,2,Bahl,0,33,8480860,-1,15,0.28846,D,1,1,20242025,0,0,0.03921,L,51,Kevin Bahl,CGY,1279.75
131,3,0,3,,0,50,0,Hamonic,0,17,8474612,-13,3,0.06,D,0,0,20242025,0,0,0.0,R,62,Travis Hamonic,OTT,1018.2
132,10,6,15,0.23076,2,57,10,Brazeau,0,16,8479638,-6,20,0.35087,R,4,5,20242025,0,0,0.1282,R,78,Justin Brazeau,BOS,778.1578
133,3,3,6,0.43428,0,58,4,Goodrow,0,52,8476624,-29,7,0.12068,C,0,0,20242025,1,1,0.06779,L,59,Barclay Goodrow,SJS,842.0172
134,10,11,19,0.45,0,53,11,Skinner,0,10,8475784,-6,21,0.39622,L,0,2,20242025,0,0,0.10091,L,109,Jeff Skinner,EDM,747.5471
135,16,9,22,0.52804,5,61,12,Evans,0,10,8478133,1,28,0.45901,C,0,0,20242025,3,6,0.20338,R,59,Jake Evans,MTL,934.3934
136,43,3,30,,2,58,5,Fox,0,28,8479323,5,48,0.82758,D,1,16,20242025,1,2,0.05,R,100,Adam Fox,NYR,1393.931
137,6,5,11,,1,63,5,Ferraro,0,41,8479983,-22,11,0.1746,D,0,0,20242025,0,0,0.08196,L,61,Mario Ferraro,SJS,1265.0476
138,3,0,2,0.42975,0,31,0,Dewar,0,5,8480980,-3,3,0.09677,C,0,0,20242025,0,1,0.0,L,28,Connor Dewar,TOR,598.2903
139,5,4,8,0.0,0,27,4,Texier,0,8,8480074,-3,9,0.33333,C,0,1,20242025,0,0,0.08888,L,45,Alexandre Texier,STL,755.2592
140,20,4,23,,1,62,4,Orlov,0,18,8475200,15,24,0.38709,D,0,1,20242025,0,0,0.04301,L,93,Dmitry Orlov,CAR,1182.0645
141,17,6,23,,1,58,6,Severson,0,39,8476923,8,23,0.39655,D,0,0,20242025,0,0,0.07317,R,82,Damon Severson,CBJ,1174.8275
142,16,10,22,0.30555,2,60,12,Gauthier,1,14,8483445,1,28,0.46666,L,2,6,20242025,0,0,0.09375,L,128,Cutter Gauthier,ANA,852.5
143,8,6,10,0.38461,5,46,9,Tomasino,0,4,8481577,-6,17,0.36956,R,3,7,20242025,0,0,0.125,R,72,Philip Tomasino,"NSH,PIT",778.826
144,11,6,17,0.50797,1,36,6,Gourde,0,36,8476826,-5,17,0.47222,C,0,0,20242025,0,0,0.15,L,40,Yanni Gourde,SEA,929.5833
145,17,5,20,,1,61,6,Kesselring,1,65,8480891,6,23,0.37704,D,1,3,20242025,0,0,0.05357,R,112,Michael Kesselring,UTA,1107.8852
146,20,2,12,,2,43,7,Jones,0,18,8477495,-18,27,0.6279,D,5,15,20242025,0,0,0.08333,R,84,Seth Jones,"CHI,FLA",1468.093
147,38,27,54,0.31818,4,61,30,Hagel,0,44,8479542,28,68,1.11475,L,0,7,20242025,3,7,0.16949,L,177,Brandon Hagel,TBL,1267.918
148,10,9,16,,4,53,10,Samoskevich,0,8,8482713,2,20,0.37735,R,1,4,20242025,0,0,0.12048,R,83,Mackie Samoskevich,FLA,720.9433
149,0,1,1,0.75,1,13,1,Bains,0,0,8483395,-5,1,0.07692,L,0,0,20242025,0,0,0.125,L,8,Arshdeep Bains,VAN,630.2307
150,1,0,0,,0,15,0,Nemec,0,6,8483495,-2,1,0.06666,D,0,1,20242025,0,0,0.0,R,11,Simon Nemec,NJD,929.1333
151,47,12,47,0.56028,5,62,19,Crosby,3,23,8471675,-25,66,1.06451,C,7,19,20242025,0,0,0.10734,L,177,Sidney Crosby,PIT,1223.7258
152,1,1,2,0.0,0,7,1,Nesterenko,0,0,8481754,0,2,0.28571,C,0,0,20242025,0,0,0.2,L,5,Nikita Nesterenko,ANA,573.1428
153,8,5,13,,1,56,5,Hoglander,0,28,8481535,-1,13,0.23214,L,0,0,20242025,0,0,0.07936,L,63,Nils Hoglander,VAN,698.1428
154,12,1,13,,0,59,1,Gudas,0,68,8475462,11,13,0.22033,D,0,0,20242025,0,0,0.01428,R,70,Radko Gudas,ANA,1162.322
155,29,7,21,,1,53,9,Josi,0,18,8474600,-26,38,0.71698,D,2,17,20242025,0,0,0.06,L,150,Roman Josi,NSH,1501.9433
156,39,6,32,,1,52,10,Dahlin,1,40,8480839,7,49,0.9423,D,4,16,20242025,0,1,0.07407,L,135,Rasmus Dahlin,BUF,1464.4807
157,15,2,14,0.41666,0,60,2,Janmark,0,16,8477406,-6,17,0.28333,C,0,0,20242025,0,3,0.05128,L,39,Mattias Janmark,EDM,779.1
158,13,12,22,0.41176,4,60,12,Killorn,1,26,8473986,7,25,0.41666,L,0,3,20242025,0,0,0.12903,L,93,Alex Killorn,ANA,1039.6333
159,5,3,8,0.14285,0,26,3,Greenway,0,19,8478413,-1,8,0.30769,L,0,0,20242025,0,0,0.09375,L,32,Jordan Greenway,BUF,957.0769
160,19,11,27,0.47362,1,62,14,Beniers,1,12,8482665,4,33,0.53225,C,3,6,20242025,0,0,0.12727,L,110,Matty Beniers,SEA,1112.0
161,10,4,13,0.28571,0,51,5,Leason,0,18,8481517,0,15,0.29411,R,1,2,20242025,0,0,0.06944,R,72,Brett Leason,ANA,797.9019
162,2,2,4,0.56043,0,21,2,Raty,0,8,8482691,-2,4,0.19047,C,0,0,20242025,0,0,0.14285,L,14,Aatu Raty,VAN,570.3333
163,9,4,13,,1,62,4,Oleksiak,0,16,8476467,-8,13,0.20967,D,0,0,20242025,0,0,0.07017,L,57,Jamie Oleksiak,SEA,1138.5967
164,7,11,18,0.47258,0,63,11,Kunin,0,46,8479316,-24,18,0.28571,C,0,0,20242025,0,0,0.11578,R,95,Luke Kunin,SJS,914.7619
165,46,11,38,,3,50,14,Hughes,0,27,8480800,10,60,1.2,D,3,22,20242025,0,0,0.0979,L,143,Quinn Hughes,VAN,1507.04
166,6,1,7,,1,40,1,Johansson,0,12,8481607,-8,7,0.175,D,0,0,20242025,0,0,0.03333,L,30,Albert Johansson,DET,972.825
167,3,1,4,0.49132,0,43,1,Ostapchuk,0,26,8482859,-7,4,0.09302,C,0,0,20242025,0,0,0.05,L,20,Zack Ostapchuk,OTT,559.9069
168,20,12,29,0.43396,1,52,20,Voronkov,0,41,8481716,16,40,0.76923,L,8,11,20242025,0,0,0.17699,L,113,Dmitri Voronkov,CBJ,1045.6346
169,12,2,14,,0,58,2,Määttä,0,14,8476874,7,14,0.24137,D,0,0,20242025,0,0,0.03636,L,55,Olli Määttä,"DET,UTA",1205.931
170,6,3,9,0.54991,0,53,3,McCarron,0,68,8477446,-17,9,0.16981,C,0,0,20242025,0,0,0.05454,R,55,Michael McCarron,NSH,797.132
171,9,7,16,0.48951,0,53,7,Dickinson,0,14,8477450,-7,16,0.30188,C,0,0,20242025,0,0,0.13461,L,52,Jason Dickinson,CHI,956.4716
172,6,3,9,0.53427,0,61,3,Beecher,0,20,8481556,-7,9,0.14754,C,0,0,20242025,0,0,0.08571,L,35,John Beecher,BOS,672.3278
173,0,0,0,,0,2,0,Bradley,0,0,8482507,0,0,0.0,L,0,0,20242025,0,0,,L,0,Chase Bradley,COL,334.5
174,8,7,15,0.48571,1,62,7,Duhaime,0,52,8479520,3,15,0.24193,R,0,0,20242025,0,0,0.10144,L,69,Brandon Duhaime,WSH,813.7903
175,10,2,11,0.45813,0,48,5,Sundqvist,0,28,8476897,-1,15,0.3125,C,3,4,20242025,0,0,0.11627,R,43,Oskar Sundqvist,STL,785.875
176,4,1,4,0.66666,0,19,1,Graf,0,4,8484911,-5,5,0.26315,R,0,1,20242025,0,0,0.05,R,20,Collin Graf,SJS,876.6842
177,23,5,20,0.0,1,54,5,Hughes,0,16,8482684,-2,28,0.51851,D,0,8,20242025,0,0,0.05882,L,85,Luke Hughes,NJD,1233.537
178,12,11,15,0.36563,2,46,12,Zary,1,10,8482074,-7,24,0.52173,C,1,9,20242025,0,0,0.12765,L,94,Connor Zary,CGY,967.0652
179,9,6,13,0.41666,1,59,9,Berggren,0,12,8481013,-8,18,0.30508,R,3,5,20242025,0,0,0.12676,L,71,Jonatan Berggren,DET,768.0169
180,31,9,25,0.52482,0,62,13,Zibanejad,0,20,8476459,-20,44,0.70967,C,4,16,20242025,0,3,0.0942,R,138,Mika Zibanejad,NYR,1116.3387
181,19,13,30,0.60869,0,63,16,Zetterlund,0,10,8480188,9,35,0.55555,L,3,5,20242025,0,0,0.1194,R,134,Fabian Zetterlund,SJS,1016.9365
182,54,14,49,0.47874,3,55,23,McDavid,0,29,8478402,1,77,1.4,C,9,28,20242025,0,0,0.13529,L,170,Connor McDavid,EDM,1328.709
183,7,2,8,0.0,1,39,2,Goncalves,0,4,8482201,6,9,0.23076,C,0,1,20242025,0,0,0.05405,L,37,Gage Goncalves,TBL,740.0
184,32,15,37,0.44117,8,62,21,Boldy,1,39,8481557,4,53,0.85483,L,6,16,20242025,0,0,0.09767,L,215,Matt Boldy,MIN,1198.1774
185,10,4,13,0.43715,1,33,4,Nazar,0,10,8483493,-7,14,0.42424,C,0,1,20242025,0,0,0.08163,R,49,Frank Nazar,CHI,909.909
186,0,0,0,,0,3,0,Brisebois,0,0,8478465,0,0,0.0,D,0,0,20242025,0,0,0.0,L,2,Guillaume Brisebois,VAN,948.3333
187,13,12,24,0.0,1,61,16,Foerster,0,39,8482159,-4,29,0.4754,R,4,5,20242025,0,0,0.17021,R,94,Tyson Foerster,PHI,968.1311
188,3,1,4,,0,51,1,Merrill,0,16,8475750,-3,4,0.07843,D,0,0,20242025,0,0,0.02857,L,35,Jon Merrill,MIN,872.9607
189,13,11,18,0.53835,5,53,20,Norris,1,34,8480064,-5,33,0.62264,C,6,11,20242025,3,4,0.21276,L,94,Josh Norris,OTT,1099.9433
190,0,0,0,,0,3,0,Johnson,0,4,8481564,-2,0,0.0,D,0,0,20242025,0,0,0.0,L,3,Ryan Johnson,BUF,1060.0
191,8,4,9,,0,48,4,Mintyukov,0,16,8483490,-11,12,0.25,D,0,3,20242025,0,0,0.07407,L,54,Pavel Mintyukov,ANA,1112.625
192,0,0,0,,0,2,0,Olausson,0,0,8482712,0,0,0.0,R,0,0,20242025,0,0,0.0,L,3,Oskar Olausson,COL,408.5
193,1,0,1,0.0,0,6,0,Merkulov,0,2,8483567,-1,1,0.16666,C,0,0,20242025,0,0,0.0,L,7,Georgii Merkulov,BOS,824.0
194,23,16,36,0.52795,6,61,20,Nelson,1,14,8475754,2,43,0.70491,C,1,4,20242025,3,3,0.12345,L,162,Brock Nelson,NYI,1161.2622
195,18,11,28,0.47619,2,62,11,Martinook,0,10,8476921,17,29,0.46774,L,0,0,20242025,0,1,0.11827,L,93,Jordan Martinook,CAR,923.1774
196,35,3,27,,0,62,4,Carlson,0,18,8474590,17,39,0.62903,D,1,12,20242025,0,0,0.03076,R,130,John Carlson,WSH,1433.0161
197,40,8,30,0.58983,3,52,16,Barkov,1,12,8477493,1,56,1.07692,C,7,22,20242025,1,4,0.13913,L,115,Aleksander Barkov,FLA,1224.3269
198,1,0,1,0.57575,0,10,0,Beck,0,0,8483424,-1,1,0.1,C,0,0,20242025,0,0,0.0,R,10,Owen Beck,MTL,597.0
199,14,12,22,0.31578,3,60,21,DeBrusk,1,14,8478498,-9,35,0.58333,L,9,13,20242025,0,0,0.175,L,120,Jake DeBrusk,VAN,994.2833
200,10,17,24,0.5,3,62,18,Tolvanen,0,14,8480009,2,28,0.45161,R,1,4,20242025,0,0,0.17307,L,104,Eeli Tolvanen,SEA,827.887
201,44,17,38,0.44244,1,61,20,Stützle,1,28,8482116,-1,64,1.04918,C,3,26,20242025,0,0,0.15873,L,126,Tim Stützle,OTT,1200.2459
202,33,7,25,0.47368,2,61,16,Batherson,0,16,8480208,-11,49,0.80327,R,9,24,20242025,0,0,0.1203,R,133,Drake Batherson,OTT,1108.3606
203,0,0,0,0.5,0,2,0,Lucchini,0,0,8481422,-3,0,0.0,C,0,0,20242025,0,0,0.0,L,2,Jake Lucchini,NSH,656.5
204,22,12,28,0.59545,3,62,17,Trocheck,0,40,8476389,-2,39,0.62903,C,4,10,20242025,1,1,0.10493,R,162,Vincent Trocheck,NYR,1277.2903
205,3,1,4,,0,9,1,Durzi,0,11,8480434,3,4,0.44444,D,0,0,20242025,0,0,0.07692,R,13,Sean Durzi,UTA,1228.4444
206,0,0,0,,0,2,0,Hagg,0,0,8477462,0,0,0.0,D,0,0,20242025,0,0,,L,0,Robert Hagg,VGK,668.5
207,3,1,4,0.0,1,19,2,Sprong,0,2,8478466,-1,5,0.26315,R,1,1,20242025,0,0,0.06451,R,31,Daniel Sprong,"VAN,SEA",721.8421
208,2,1,3,0.33333,1,21,4,Hinostroza,0,6,8476994,-1,6,0.28571,C,3,3,20242025,0,0,0.14814,R,27,Vincent Hinostroza,"NSH,MIN",751.8095
209,6,2,8,,0,51,2,Rutta,0,28,8480172,-6,8,0.15686,D,0,0,20242025,0,0,0.03921,R,51,Jan Rutta,SJS,1017.4901
210,3,2,3,0.44444,1,23,3,Perron,0,2,8474102,-9,6,0.26086,L,1,3,20242025,0,0,0.07142,R,42,David Perron,OTT,808.3913
211,2,0,2,,0,13,0,Hutton,0,4,8480306,1,2,0.15384,D,0,0,20242025,0,0,0.0,R,10,Grant Hutton,NYI,807.6923
212,0,0,0,0.6,0,1,0,Finley,0,0,8482090,1,0,0.0,C,0,0,20242025,0,0,0.0,R,1,Jack Finley,TBL,505.0
213,6,11,17,0.45238,2,62,11,Kiviranta,0,14,8481641,8,17,0.27419,L,0,0,20242025,0,0,0.17187,L,64,Joel Kiviranta,COL,762.9516
214,43,20,41,0.37631,7,62,27,Hughes,2,18,8481559,12,70,1.12903,C,6,27,20242025,1,2,0.1179,L,229,Jack Hughes,NJD,1254.0483
215,19,10,29,0.54118,3,62,12,Staal,0,14,8473533,14,31,0.5,C,0,0,20242025,2,2,0.13483,L,89,Jordan Staal,CAR,927.9354
216,11,4,10,0.49302,0,58,9,Greig,0,43,8482092,-10,20,0.34482,C,3,6,20242025,2,4,0.10714,L,84,Ridly Greig,OTT,987.931
217,29,13,33,0.45205,2,62,15,McCann,1,14,8477955,5,44,0.70967,L,2,10,20242025,0,1,0.10273,L,146,Jared McCann,SEA,1040.629
218,13,7,19,0.54807,0,60,7,Sissons,0,20,8476925,-9,20,0.33333,C,0,1,20242025,0,0,0.10144,R,69,Colton Sissons,NSH,868.2333
219,1,0,1,,0,44,0,Graves,0,25,8477435,-14,1,0.02272,D,0,0,20242025,0,0,0.0,L,29,Ryan Graves,PIT,913.4772
220,12,8,15,0.4837,3,61,10,Backlund,0,26,8474150,-2,22,0.36065,C,1,6,20242025,1,1,0.07142,L,140,Mikael Backlund,CGY,1146.1147
221,24,19,37,0.42758,2,60,23,Tuch,0,33,8477949,12,47,0.78333,R,1,6,20242025,3,4,0.15862,R,145,Alex Tuch,BUF,1161.9166
222,5,0,5,,0,39,0,Lundkvist,0,20,8480878,4,5,0.1282,D,0,0,20242025,0,0,0.0,R,52,Nils Lundkvist,DAL,900.6666
223,15,12,21,0.41463,2,62,14,Niederreiter,0,20,8475799,15,29,0.46774,R,2,8,20242025,0,0,0.12068,L,116,Nino Niederreiter,WPG,885.9354
224,11,8,19,0.48275,5,62,11,Blake,0,26,8482809,4,22,0.35483,R,3,3,20242025,0,0,0.10891,R,101,Jackson Blake,CAR,779.1935
225,37,7,33,,0,64,8,Karlsson,0,18,8474578,-23,45,0.70312,D,1,12,20242025,0,0,0.05095,R,157,Erik Karlsson,PIT,1397.7031
226,11,4,11,0.0,0,58,4,Balinskis,0,21,8484304,0,15,0.25862,D,0,4,20242025,0,0,0.05405,L,74,Uvis Balinskis,FLA,890.6379
227,19,6,17,,0,50,6,Dobson,0,16,8480865,-5,25,0.5,D,0,7,20242025,0,1,0.04,R,150,Noah Dobson,NYI,1426.34
228,14,6,16,,1,61,7,Skjei,0,28,8476869,-10,21,0.34426,D,1,5,20242025,0,0,0.05982,L,117,Brady Skjei,NSH,1291.6885
229,3,0,3,,0,44,0,Desharnais,0,38,8479576,-9,3,0.06818,D,0,0,20242025,0,0,0.0,R,27,Vincent Desharnais,"VAN,PIT",937.0
230,26,5,30,0.53567,1,58,5,Danault,0,12,8476479,9,31,0.53448,C,0,0,20242025,0,1,0.05434,L,92,Phillip Danault,LAK,1072.0344
231,10,11,20,0.2,3,61,13,Palat,0,12,8476292,-1,23,0.37704,L,2,3,20242025,0,0,0.1625,L,80,Ondrej Palat,NJD,834.9344
232,0,1,1,0.375,0,13,1,Klapka,0,15,8483609,0,1,0.07692,R,0,0,20242025,0,0,0.0625,R,16,Adam Klapka,CGY,490.0
233,1,0,1,1.0,0,10,0,Gushchin,0,6,8482101,-2,1,0.1,L,0,0,20242025,0,0,0.0,L,13,Danil Gushchin,SJS,727.2
234,27,9,26,0.61886,2,61,12,Giroux,0,16,8473512,-3,39,0.63934,R,3,12,20242025,0,1,0.10344,R,116,Claude Giroux,OTT,1130.0163
235,1,1,2,0.54347,0,9,1,Abols,0,2,8479022,-3,2,0.22222,C,0,0,20242025,0,0,0.07692,L,13,Rodrigo Abols,PHI,618.7777
236,17,3,19,,2,59,3,Girard,1,12,8479398,3,20,0.33898,D,0,1,20242025,0,0,0.04109,L,73,Samuel Girard,COL,1266.9661
237,11,11,22,0.11111,2,60,12,Mikheyev,0,14,8481624,3,23,0.38333,R,0,0,20242025,1,1,0.12121,L,99,Ilya Mikheyev,CHI,911.0
238,6,1,7,,1,37,1,Miromanov,0,12,8482624,3,7,0.18918,D,0,0,20242025,0,0,0.02272,R,44,Daniil Miromanov,CGY,1101.4054
239,27,3,14,,0,54,7,Gostisbehere,0,24,8476906,-5,34,0.62962,D,4,20,20242025,0,0,0.0707,L,99,Shayne Gostisbehere,CAR,1101.2962
240,0,0,0,,0,6,0,Luneau,0,2,8483482,-5,0,0.0,D,0,0,20242025,0,0,0.0,R,6,Tristan Luneau,ANA,993.3333
241,0,0,0,,0,1,0,Milne,0,0,8482829,0,0,0.0,L,0,0,20242025,0,0,,L,0,Michael Milne,MIN,394.0
242,16,6,19,0.5,0,59,6,Burakovsky,0,10,8477444,-2,22,0.37288,L,0,3,20242025,0,0,0.06451,L,93,Andre Burakovsky,SEA,873.9152
243,11,7,18,,0,51,7,Middleton,0,40,8478136,13,18,0.35294,D,0,0,20242025,0,0,0.09589,L,73,Jake Middleton,MIN,1298.0392
244,26,13,29,0.47802,4,51,19,Celebrini,1,22,8484801,-22,45,0.88235,C,6,16,20242025,0,0,0.11111,L,171,Macklin Celebrini,SJS,1181.8627
245,1,0,1,,0,6,0,Grans,0,2,8482169,0,1,0.16666,D,0,0,20242025,0,0,0.0,R,5,Helge Grans,PHI,867.5
246,13,1,14,,1,63,1,Kovacevic,0,49,8480192,11,14,0.22222,D,0,0,20242025,0,0,0.01724,R,58,Johnathan Kovacevic,NJD,1182.6666
247,8,0,8,,0,47,0,de Haan,0,12,8475177,-4,8,0.17021,D,0,0,20242025,0,0,0.0,L,51,Calvin de Haan,"COL,NYR",898.4255
248,1,3,4,,0,13,3,Kaliyev,0,2,8481560,2,4,0.30769,R,0,0,20242025,0,0,0.15,L,20,Arthur Kaliyev,NYR,688.3076
249,7,2,9,,0,55,2,Siegenthaler,0,44,8478399,9,9,0.16363,D,0,0,20242025,0,0,0.03846,L,52,Jonas Siegenthaler,NJD,1176.0909
250,10,18,27,0.55617,2,61,19,Roslovic,0,4,8478458,-10,29,0.4754,C,1,2,20242025,0,0,0.17757,R,107,Jack Roslovic,CAR,819.5245
251,10,4,13,0.42681,0,62,5,Kelly,0,23,8480448,-7,15,0.24193,C,0,0,20242025,1,2,0.07142,L,70,Parker Kelly,COL,774.6129
252,3,1,4,0.46153,0,39,1,Shore,0,2,8476913,-4,4,0.10256,C,0,0,20242025,0,0,0.03448,L,29,Devin Shore,MIN,518.641
253,14,7,21,0.40206,1,54,7,Turcotte,0,14,8481532,6,21,0.38888,C,0,0,20242025,0,0,0.10606,L,66,Alex Turcotte,LAK,738.5925
254,24,3,15,,0,58,4,Lohrei,0,16,8482511,-19,28,0.48275,D,1,13,20242025,0,0,0.0597,L,67,Mason Lohrei,BOS,1148.3103
255,14,7,19,0.48054,2,49,7,Roy,0,37,8478462,-7,21,0.42857,C,0,2,20242025,0,0,0.09722,R,72,Nicolas Roy,VGK,909.4285
256,31,4,25,,3,63,9,Hamilton,0,28,8476462,9,40,0.63492,D,5,15,20242025,0,0,0.04945,R,182,Dougie Hamilton,NJD,1187.6825
257,33,17,37,0.40334,3,62,31,Reinhart,0,27,8477933,11,64,1.03225,C,9,21,20242025,5,6,0.18674,R,166,Sam Reinhart,FLA,1229.0806
258,0,1,1,,0,3,1,Phillips,0,0,8482192,0,1,0.33333,D,0,0,20242025,0,0,0.33333,L,3,Isaak Phillips,CHI,713.6666
259,9,5,12,0.53846,0,57,6,Tatar,0,16,8475193,2,15,0.26315,L,1,3,20242025,0,0,0.10714,L,56,Tomas Tatar,NJD,642.4736
260,3,2,5,0.50537,0,42,2,Lafferty,0,22,8478043,-6,5,0.11904,C,0,0,20242025,0,0,0.0625,R,32,Sam Lafferty,BUF,587.0952
261,0,1,1,0.5,1,9,1,Karlsson,0,0,8481024,1,1,0.11111,C,0,0,20242025,0,0,0.125,R,8,Linus Karlsson,VAN,599.4444
262,1,0,1,0.33333,0,5,0,Lambert,0,2,8483471,0,1,0.2,C,0,0,20242025,0,0,0.0,R,1,Brad Lambert,WPG,696.4
263,12,4,16,,1,62,4,Larsson,0,21,8476457,8,16,0.25806,D,0,0,20242025,0,0,0.05128,R,78,Adam Larsson,SEA,1266.3064
264,5,0,5,,0,42,0,Dumba,0,52,8476856,-3,5,0.11904,D,0,0,20242025,0,0,0.0,R,30,Mathew Dumba,DAL,914.5
265,0,0,0,,0,5,0,Jones,0,2,8478452,-2,0,0.0,D,0,0,20242025,0,0,0.0,L,6,Caleb Jones,LAK,768.6
266,0,0,0,,0,4,0,Schueneman,0,0,8481461,0,0,0.0,D,0,0,20242025,0,0,0.0,L,4,Corey Schueneman,STL,843.0
267,5,8,13,0.4,2,57,12,Chaffee,0,19,8482070,-2,17,0.29824,R,4,4,20242025,0,0,0.20338,R,59,Mitchell Chaffee,TBL,746.0701
268,27,15,29,0.25,4,61,19,Marchessault,1,33,8476539,-19,46,0.75409,R,4,17,20242025,0,0,0.10555,R,180,Jonathan Marchessault,NSH,1091.9016
269,10,2,12,0.0,0,34,2,Labanc,0,12,8478099,1,12,0.35294,R,0,0,20242025,0,0,0.05714,R,35,Kevin Labanc,CBJ,629.6764
270,6,2,8,0.42857,0,21,2,Kirkland,0,11,8477993,6,8,0.38095,C,0,0,20242025,0,0,0.22222,L,9,Justin Kirkland,CGY,582.0476
271,0,0,0,,0,3,0,Milano,0,0,8477947,-3,0,0.0,L,0,0,20242025,0,0,0.0,L,4,Sonny Milano,WSH,432.6666
272,7,2,9,,0,33,2,Perunovich,0,10,8481059,-2,9,0.27272,D,0,0,20242025,0,0,0.11111,L,18,Scott Perunovich,"STL,NYI",951.909
273,0,0,0,0.4,0,2,0,Brown,0,2,8477887,-1,0,0.0,C,0,0,20242025,0,0,0.0,R,3,Patrick Brown,BOS,662.0
274,21,8,17,0.54435,2,63,11,Lindholm,0,14,8477496,-6,32,0.50793,C,2,12,20242025,1,3,0.09482,R,116,Elias Lindholm,BOS,1101.5873
275,0,0,0,1.0,0,3,0,Yamamoto,0,0,8479977,-1,0,0.0,R,0,0,20242025,0,0,0.0,R,1,Kailer Yamamoto,UTA,640.3333
276,2,4,6,0.0,1,21,4,Frank,0,6,8483573,6,6,0.28571,C,0,0,20242025,0,0,0.21052,R,19,Ethen Frank,WSH,635.1904
277,0,0,0,,0,3,0,Légaré,0,0,8481594,-1,0,0.0,R,0,0,20242025,0,0,0.0,R,3,Nathan Légaré,NJD,640.6666
278,10,1,11,,0,54,2,Pesce,0,15,8477488,-5,12,0.22222,D,0,0,20242025,1,1,0.02739,R,73,Brett Pesce,NJD,1253.5185
279,0,0,0,,0,2,0,Mitchell,0,0,8480070,-1,0,0.0,D,0,0,20242025,0,0,,R,0,Ian Mitchell,BOS,804.0
280,14,4,18,,0,47,4,Romanov,0,20,8481014,10,18,0.38297,D,0,0,20242025,0,0,0.05797,L,69,Alexander Romanov,NYI,1370.6808
281,4,1,5,,0,53,1,Holl,0,12,8475718,-9,5,0.09433,D,0,0,20242025,0,0,0.04,R,25,Justin Holl,DET,883.7169
282,26,16,36,0.42446,5,62,20,Holloway,1,10,8482077,12,46,0.74193,L,4,10,20242025,0,0,0.13793,L,145,Dylan Holloway,STL,998.6935
283,11,1,7,,0,50,3,Drysdale,0,14,8482142,-18,14,0.28,D,2,7,20242025,0,0,0.07142,R,42,Jamie Drysdale,PHI,1170.34
284,0,0,0,0.75,0,5,0,Nylander,0,4,8479423,-1,0,0.0,L,0,0,20242025,0,0,0.0,R,4,Alexander Nylander,TOR,593.2
285,21,5,23,,1,60,7,Hanifin,0,14,8478396,-1,28,0.46666,D,2,5,20242025,0,0,0.06086,L,115,Noah Hanifin,VGK,1278.1333
286,6,4,10,,0,53,4,Whitecloud,0,18,8480727,2,10,0.18867,D,0,0,20242025,0,0,0.07547,R,53,Zach Whitecloud,VGK,988.7924
287,34,25,47,0.48363,9,62,34,Scheifele,2,41,8476460,8,68,1.09677,C,9,21,20242025,0,0,0.25373,R,134,Mark Scheifele,WPG,1227.7903
288,47,31,64,0.5458,9,61,45,Draisaitl,4,28,8477934,24,92,1.50819,C,14,28,20242025,0,0,0.22167,L,203,Leon Draisaitl,EDM,1293.7868
289,17,7,23,,3,57,7,Edvinsson,1,36,8482762,9,24,0.42105,D,0,0,20242025,0,1,0.12068,L,58,Simon Edvinsson,DET,1254.1929
290,17,4,19,,0,57,4,Myers,0,66,8474574,-3,21,0.36842,D,0,1,20242025,0,1,0.0606,R,66,Tyler Myers,VAN,1245.5614
291,7,7,14,0.35,1,40,9,Smith,0,28,8475225,-7,16,0.4,C,2,2,20242025,0,0,0.12162,R,74,Craig Smith,CHI,699.325
292,4,1,5,,0,61,1,Schenn,0,41,8474568,-9,5,0.08196,D,0,0,20242025,0,0,0.01515,R,66,Luke Schenn,NSH,934.8196
293,26,12,30,0.46341,3,60,19,Michkov,3,38,8484387,-11,45,0.75,R,7,15,20242025,0,0,0.13571,L,140,Matvei Michkov,PHI,965.6166
294,2,0,2,0.0,0,22,0,O'Brien,0,43,8477070,0,2,0.0909,C,0,0,20242025,0,0,0.0,L,27,Liam O'Brien,UTA,571.8181
295,10,4,14,0.25,1,60,4,Aston-Reese,0,23,8479944,-10,14,0.23333,C,0,0,20242025,0,0,0.05128,L,78,Zach Aston-Reese,CBJ,821.3166
296,5,0,5,,0,34,0,Johnson,0,2,8471677,-6,5,0.14705,D,0,0,20242025,0,0,0.0,L,18,Jack Johnson,CBJ,766.0882
297,0,0,0,,0,9,0,Stastney,0,0,8481056,-5,0,0.0,D,0,0,20242025,0,0,0.0,L,8,Spencer Stastney,NSH,988.7777
298,10,4,14,0.31578,2,62,5,Greer,0,89,8478421,2,15,0.24193,L,0,0,20242025,1,1,0.07812,L,64,A.J. Greer,FLA,577.1451
299,27,27,40,0.47826,8,61,35,Nylander,2,16,8477939,4,62,1.01639,R,8,22,20242025,0,0,0.175,R,200,William Nylander,TOR,1193.377
300,1,0,1,,0,6,0,Gravel,0,0,8475857,3,1,0.16666,D,0,0,20242025,0,0,0.0,L,6,Kevin Gravel,NSH,1070.1666
301,23,3,23,,1,57,3,Pietrangelo,0,12,8474565,7,26,0.45614,D,0,1,20242025,0,2,0.02884,R,104,Alex Pietrangelo,VGK,1357.1228
302,0,1,1,0.42857,0,7,1,Ritchie,0,0,8484221,-7,1,0.14285,C,0,0,20242025,0,0,0.0909,R,11,Calum Ritchie,COL,766.8571
303,2,2,4,,0,38,2,Kaiser,0,14,8482176,-1,4,0.10526,D,0,0,20242025,0,0,0.04347,L,46,Wyatt Kaiser,CHI,1062.3947
304,0,0,0,,0,5,0,Crozier,0,0,8481719,0,0,0.0,D,0,0,20242025,0,0,0.0,R,8,Maxwell Crozier,TBL,1001.4
305,12,1,13,,0,61,1,Cole,0,53,8474013,-8,13,0.21311,D,0,0,20242025,0,0,0.01851,L,54,Ian Cole,UTA,1236.7377
306,33,7,30,0.31034,2,58,13,Eklund,1,22,8482667,-2,46,0.7931,L,6,14,20242025,0,2,0.125,L,104,William Eklund,SJS,1171.6551
307,18,14,30,0.41666,1,59,18,Vatrano,0,44,8478366,0,36,0.61016,R,3,5,20242025,1,1,0.09473,L,190,Frank Vatrano,ANA,1074.9661
308,14,7,18,0.21428,1,61,10,Armia,0,16,8476469,-1,24,0.39344,R,0,3,20242025,3,3,0.10989,R,91,Joel Armia,MTL,881.3278
309,15,16,24,0.41935,4,58,24,Fiala,0,34,8477942,-11,39,0.67241,L,8,15,20242025,0,0,0.13559,L,177,Kevin Fiala,LAK,1126.0517
310,0,0,0,,0,1,0,Bolduc,0,0,8481541,-1,0,0.0,D,0,0,20242025,0,0,,L,0,Samuel Bolduc,NYI,356.0
311,2,2,4,0.5,0,34,2,Motte,0,2,8477353,-12,4,0.11764,C,0,0,20242025,0,0,0.05128,L,39,Tyler Motte,DET,685.0588
312,1,0,1,1.0,0,12,0,Deslauriers,0,15,8475235,0,1,0.08333,L,0,0,20242025,0,0,0.0,L,6,Nicolas Deslauriers,PHI,370.5
313,29,20,40,0.0,4,37,23,Kaprizov,1,14,8478864,19,52,1.4054,L,3,12,20242025,0,0,0.17968,L,128,Kirill Kaprizov,MIN,1344.8108
314,0,2,2,0.5,0,8,2,Lettieri,0,4,8479968,0,2,0.25,C,0,0,20242025,0,0,0.16666,R,12,Vinni Lettieri,BOS,725.25
315,13,10,22,0.43478,2,63,13,Mercer,0,12,8482110,9,26,0.41269,C,2,3,20242025,1,1,0.1238,R,105,Dawson Mercer,NJD,1067.2222
316,2,2,4,0.33333,1,28,2,Wood,0,44,8477425,-5,4,0.14285,L,0,0,20242025,0,0,0.04166,L,48,Miles Wood,COL,682.4642
317,17,3,17,0.4125,0,61,4,Pospisil,0,78,8481028,2,21,0.34426,C,1,4,20242025,0,0,0.05063,L,79,Martin Pospisil,CGY,826.7213
318,1,0,1,,0,5,0,Solovyov,0,2,8482470,-3,1,0.2,D,0,0,20242025,0,0,0.0,L,6,Ilya Solovyov,CGY,940.2
319,17,18,29,0.35714,2,57,18,Tippett,1,14,8480015,-8,35,0.61403,R,0,6,20242025,0,0,0.125,R,144,Owen Tippett,PHI,990.2982
320,5,1,3,,0,24,1,Andrae,0,14,8482126,2,6,0.25,D,0,3,20242025,0,0,0.03225,L,31,Emil Andrae,PHI,1138.5833
321,30,16,36,0.56451,1,46,22,Matthews,1,20,8479318,4,52,1.13043,C,5,15,20242025,1,1,0.11891,L,185,Auston Matthews,TOR,1238.1304
322,0,0,0,,0,5,0,Felhaber,0,0,8479746,-1,0,0.0,L,0,0,20242025,0,0,0.0,L,2,Tye Felhaber,COL,331.0
323,0,1,1,0.5862,0,7,1,Condotta,0,0,8483549,-2,1,0.14285,L,0,0,20242025,0,0,0.2,L,5,Lucas Condotta,MTL,492.1428
324,7,9,15,0.5,0,24,12,Nichushkin,0,4,8477501,7,19,0.79166,R,3,4,20242025,0,0,0.1875,L,64,Valeri Nichushkin,COL,1165.9166
325,28,15,39,0.57428,7,54,24,Tavares,1,32,8475166,8,52,0.96296,C,9,13,20242025,0,0,0.16438,L,146,John Tavares,TOR,1107.4629
326,1,2,3,0.0,1,13,2,Slaggert,0,13,8482172,-2,3,0.23076,L,0,0,20242025,0,0,0.11764,L,17,Landon Slaggert,CHI,757.2307
327,1,0,1,,0,17,0,Heinola,0,4,8481572,7,1,0.05882,D,0,0,20242025,0,0,0.0,L,11,Ville Heinola,WPG,838.2941
328,14,4,17,,1,38,4,Brodin,0,12,8476463,10,18,0.47368,D,0,0,20242025,0,1,0.06666,L,60,Jonas Brodin,MIN,1361.8157
329,21,2,21,,1,60,4,Ekman-Larsson,0,40,8475171,15,25,0.41666,D,2,4,20242025,0,0,0.0421,L,95,Oliver Ekman-Larsson,TOR,1260.3833
330,0,0,0,,0,2,0,Stillman,0,5,8479388,-1,0,0.0,D,0,0,20242025,0,0,0.0,L,1,Riley Stillman,CAR,286.0
331,17,1,16,,1,61,2,McDonagh,0,16,8474151,35,19,0.31147,D,0,0,20242025,1,3,0.03508,L,57,Ryan McDonagh,TBL,1234.0819
332,15,9,23,0.0,1,50,11,Moore,0,8,8479675,4,26,0.52,L,1,2,20242025,1,1,0.10679,L,103,Trevor Moore,LAK,1024.54
333,1,0,1,1.0,0,7,0,Caggiula,0,5,8479465,0,1,0.14285,L,0,0,20242025,0,0,0.0,L,6,Drake Caggiula,EDM,438.0
334,6,3,9,,0,40,3,Samuelsson,0,8,8480807,0,9,0.225,D,0,0,20242025,0,0,0.075,L,40,Mattias Samuelsson,BUF,1117.925
335,18,3,20,,1,56,4,Nurse,1,42,8477498,5,22,0.39285,D,0,1,20242025,1,1,0.02836,L,141,Darnell Nurse,EDM,1310.7142
336,3,1,4,,0,36,1,Wotherspoon,0,8,8478450,-6,4,0.11111,D,0,0,20242025,0,0,0.03333,L,30,Parker Wotherspoon,BOS,1074.25
337,13,17,27,0.46666,4,58,20,Geekie,0,20,8479987,3,33,0.56896,C,3,6,20242025,0,0,0.17543,R,114,Morgan Geekie,BOS,983.9137
338,8,0,7,0.51428,0,50,1,Nosek,0,10,8477931,7,9,0.18,L,1,1,20242025,0,1,0.02702,L,37,Tomas Nosek,FLA,575.44
339,5,2,6,0.43396,0,57,2,Khusnutdinov,0,14,8482177,-6,7,0.1228,C,0,0,20242025,0,1,0.06666,L,30,Marat Khusnutdinov,MIN,674.0
340,23,10,27,0.56615,3,58,16,O'Reilly,0,11,8475158,-18,39,0.67241,C,6,12,20242025,0,0,0.14035,L,114,Ryan O'Reilly,NSH,1133.0172
341,3,2,5,,1,19,2,Bichsel,0,16,8483425,6,5,0.26315,D,0,0,20242025,0,0,0.13333,L,15,Lian Bichsel,DAL,899.4736
342,9,4,13,,1,48,4,York,0,22,8481546,-3,13,0.27083,D,0,0,20242025,0,0,0.07272,L,55,Cam York,PHI,1277.2291
343,11,9,17,0.34146,0,61,9,Farabee,0,26,8480797,-17,20,0.32786,L,0,3,20242025,0,0,0.07826,L,115,Joel Farabee,"PHI,CGY",899.8196
344,7,7,13,0.4892,0,56,9,Rasmussen,0,15,8479992,-5,16,0.28571,C,2,3,20242025,0,0,0.11842,L,76,Michael Rasmussen,DET,797.4821
345,15,17,32,0.47368,5,59,17,Foegele,0,14,8477998,22,32,0.54237,L,0,0,20242025,0,0,0.11643,L,146,Warren Foegele,LAK,968.1355
346,5,1,6,,1,14,1,DeAngelo,1,4,8477950,0,6,0.42857,D,0,0,20242025,0,0,0.03703,R,27,Anthony DeAngelo,NYI,1422.0714
347,11,1,12,,0,62,1,Suter,0,20,8470600,5,12,0.19354,D,0,0,20242025,0,0,0.02222,L,45,Ryan Suter,STL,1214.4838
348,0,0,0,0.0,0,5,0,Honzek,0,2,8484180,-1,0,0.0,L,0,0,20242025,0,0,0.0,L,6,Samuel Honzek,CGY,743.6
349,15,4,19,,0,57,4,Mikkola,0,44,8478859,13,19,0.33333,D,0,0,20242025,0,0,0.04651,L,86,Niko Mikkola,FLA,1209.7192
350,20,19,37,0.38888,2,61,23,Lee,0,27,8475314,15,43,0.70491,L,4,6,20242025,0,0,0.1345,L,171,Anders Lee,NYI,1035.0
351,33,12,30,0.58562,2,52,16,Miller,1,37,8476468,-2,49,0.9423,C,4,19,20242025,0,0,0.15686,L,102,J.T. Miller,"VAN,NYR",1080.9423
352,58,11,48,0.31578,6,60,18,Marner,2,12,8478483,11,76,1.26666,R,6,26,20242025,1,2,0.13432,R,134,Mitch Marner,TOR,1297.9833
353,10,10,18,0.5,2,61,11,Mangiapane,0,16,8478233,7,21,0.34426,L,0,2,20242025,1,1,0.15492,L,71,Andrew Mangiapane,WSH,787.836
354,4,0,3,0.51612,0,17,0,Jaaska,0,9,8484929,3,4,0.23529,L,0,0,20242025,0,1,0.0,L,11,Juha Jaaska,CAR,524.8823
355,1,1,2,0.45,0,3,1,Sgarbossa,0,2,8475958,2,2,0.66666,C,0,0,20242025,0,0,1.0,L,1,Michael Sgarbossa,WSH,560.3333
356,10,8,18,0.28571,1,57,9,Pearson,0,4,8476871,3,19,0.33333,L,0,0,20242025,1,1,0.12162,L,74,Tanner Pearson,VGK,714.6842
357,0,0,0,0.0,0,8,0,Lavoie,0,2,8481534,-4,0,0.0,C,0,0,20242025,0,0,0.0,R,10,Raphael Lavoie,VGK,637.0
358,0,2,2,0.47674,0,21,2,Jost,0,14,8479370,2,2,0.09523,C,0,0,20242025,0,0,0.0909,L,22,Tyson Jost,CAR,588.6666
359,0,0,0,0.0,0,1,0,Crookshank,0,0,8481065,0,0,0.0,L,0,0,20242025,0,0,0.0,L,3,Angus Crookshank,OTT,844.0
360,11,3,13,0.0,0,45,5,Kovalenko,0,12,8481042,-8,16,0.35555,R,2,3,20242025,0,0,0.125,L,40,Nikolai Kovalenko,"COL,SJS",724.0666
361,7,4,10,0.4863,0,40,4,Parssinen,0,13,8481704,-6,11,0.275,C,0,1,20242025,0,0,0.15384,L,26,Juuso Parssinen,"NSH,COL,NYR",644.975
362,35,11,34,0.2,2,52,22,Tkachuk,0,54,8479314,-3,57,1.09615,L,11,23,20242025,0,0,0.14102,L,156,Matthew Tkachuk,FLA,1093.8846
363,15,6,20,0.44117,0,62,7,Heinen,0,31,8478046,-2,22,0.35483,L,1,2,20242025,0,0,0.10447,L,67,Danton Heinen,"VAN,PIT",818.9193
364,1,0,1,0.6875,0,5,0,Hyry,0,0,8484938,0,1,0.2,R,0,0,20242025,0,0,0.0,R,5,Arttu Hyry,DAL,545.0
365,4,1,5,,0,16,1,Mancini,0,2,8483768,-3,5,0.3125,D,0,0,20242025,0,0,0.05,R,20,Vittorio Mancini,"NYR,VAN",901.125
366,1,2,3,,1,10,4,Casey,0,0,8483429,5,5,0.5,D,2,2,20242025,0,0,0.44444,R,9,Seamus Casey,NJD,716.6
367,5,2,7,,0,53,2,Mayfield,0,25,8476429,14,7,0.13207,D,0,0,20242025,0,0,0.05,R,40,Scott Mayfield,NYI,1032.6415
368,6,2,8,,0,35,2,Struble,0,48,8481593,-8,8,0.22857,D,0,0,20242025,0,0,0.0625,L,32,Jayden Struble,MTL,883.8857
369,25,20,40,0.44444,5,61,30,Caufield,1,14,8481540,-2,55,0.90163,R,10,15,20242025,0,0,0.16759,R,179,Cole Caufield,MTL,1070.5573
370,9,1,10,0.44444,0,60,1,Toropchenko,0,19,8480281,-1,10,0.16666,R,0,0,20242025,0,0,0.01612,L,62,Alexey Toropchenko,STL,746.7833
371,28,13,35,0.30769,3,55,17,Terry,1,16,8478873,6,45,0.81818,R,4,10,20242025,0,0,0.13076,R,130,Troy Terry,ANA,1137.5454
372,2,0,2,,0,28,0,Middleton,0,17,8479387,0,2,0.07142,D,0,0,20242025,0,0,0.0,L,30,Keaton Middleton,COL,645.3571
373,36,18,37,0.5559,7,61,23,Aho,5,42,8478427,1,59,0.96721,C,3,18,20242025,2,4,0.13855,L,166,Sebastian Aho,CAR,1216.8688
374,0,0,0,0.4,0,1,0,Sillinger,0,2,8483538,0,0,0.0,C,0,0,20242025,0,0,,L,0,Owen Sillinger,CBJ,789.0
375,13,12,25,0.23333,1,62,12,Robinson,0,10,8480762,11,25,0.40322,L,0,0,20242025,0,0,0.14634,L,82,Eric Robinson,CAR,720.7419
376,0,0,0,,0,1,0,Mermis,0,2,8477541,-2,0,0.0,D,0,0,20242025,0,0,0.0,L,2,Dakota Mermis,UTA,647.0
377,26,10,32,0.50386,4,62,12,Schenn,2,48,8475170,-2,38,0.6129,C,2,6,20242025,0,0,0.10909,L,110,Brayden Schenn,STL,1052.6129
378,18,6,21,0.3125,2,29,7,Drouin,0,4,8477494,3,25,0.86206,L,1,4,20242025,0,0,0.17948,L,39,Jonathan Drouin,COL,1142.7241
379,3,0,3,,0,47,0,Joseph,0,45,8480058,-22,3,0.06382,D,0,0,20242025,0,0,0.0,L,42,P.O Joseph,"STL,PIT",915.6808
380,5,10,14,0.40909,3,45,15,Colton,0,10,8479525,-6,20,0.44444,C,5,6,20242025,0,0,0.15625,L,96,Ross Colton,COL,919.1777
381,8,3,11,0.5612,1,50,3,Faksa,0,28,8476889,-6,11,0.22,C,0,0,20242025,0,0,0.06521,L,46,Radek Faksa,STL,781.3
382,0,0,0,,0,2,0,Foudy,0,0,8480853,-1,0,0.0,C,0,0,20242025,0,0,0.0,L,1,Liam Foudy,NYI,447.0
383,0,0,0,0.66666,0,4,0,Gaucher,0,0,8481848,0,0,0.0,C,0,0,20242025,0,0,0.0,R,3,Jacob Gaucher,PHI,440.5
384,18,11,22,0.25806,2,53,18,Boeser,0,16,8478444,-19,36,0.67924,R,7,14,20242025,0,0,0.17307,R,104,Brock Boeser,VAN,1069.9433
385,23,11,27,0.49655,4,59,24,Tkachuk,3,112,8480801,-2,47,0.79661,L,13,20,20242025,0,0,0.09836,L,244,Brady Tkachuk,OTT,1120.5593
386,0,0,0,0.5238,0,7,0,Meyers,0,2,8483570,-3,0,0.0,C,0,0,20242025,0,0,0.0,L,3,Ben Meyers,SEA,489.7142
387,0,0,0,0.29787,0,9,0,Giles,0,0,8480825,-1,0,0.0,R,0,0,20242025,0,0,0.0,R,4,Patrick Giles,FLA,443.0
388,6,1,7,0.35,1,45,3,Bastian,0,29,8479414,0,9,0.2,R,1,1,20242025,1,1,0.07894,R,38,Nathan Bastian,NJD,645.9333
389,16,11,26,0.50722,1,62,11,Kotkaniemi,0,42,8480829,7,27,0.43548,C,0,1,20242025,0,0,0.11827,L,93,Jesperi Kotkaniemi,CAR,836.3387
390,15,4,16,,2,59,4,Ristolainen,1,14,8477499,5,19,0.32203,D,0,3,20242025,0,0,0.04301,R,93,Rasmus Ristolainen,PHI,1233.9491
391,13,9,18,0.5,5,61,19,Noesen,1,48,8476474,-4,32,0.52459,R,10,14,20242025,0,0,0.14393,R,132,Stefan Noesen,NJD,944.2786
392,1,0,1,,0,5,0,Ruhwedel,0,0,8477244,2,1,0.2,D,0,0,20242025,0,0,0.0,R,1,Chad Ruhwedel,NYR,846.2
393,10,4,14,,1,54,4,Perbix,0,18,8480246,5,14,0.25925,D,0,0,20242025,0,0,0.07843,R,51,Nick Perbix,TBL,898.6296
394,7,0,7,0.5283,0,5,0,Jenner,0,0,8476432,4,7,1.4,C,0,0,20242025,0,0,0.0,L,12,Boone Jenner,CBJ,1020.0
395,0,0,0,,0,1,0,Lysell,0,0,8482763,1,0,0.0,R,0,0,20242025,0,0,,R,0,Fabian Lysell,BOS,692.0
396,2,2,3,0.47747,1,15,2,Minten,0,0,8483489,-4,4,0.26666,C,0,1,20242025,0,0,0.125,L,16,Fraser Minten,TOR,733.7333
397,10,9,16,0.21428,1,51,9,Saad,0,6,8476438,-15,19,0.37254,L,0,3,20242025,0,0,0.10112,L,89,Brandon Saad,"STL,VGK",882.0
398,1,0,1,0.6,0,18,0,Anderson,0,0,8479315,-2,1,0.05555,R,0,0,20242025,0,0,0.0,R,17,Joey Anderson,CHI,743.6111
399,6,3,8,0.0,0,26,3,Puljujarvi,0,10,8479344,-1,9,0.34615,R,0,1,20242025,0,0,0.07894,R,38,Jesse Puljujarvi,PIT,696.0769
400,34,14,40,0.56346,3,50,16,Thomas,0,18,8480023,9,50,1.0,C,1,9,20242025,1,1,0.13913,R,115,Robert Thomas,STL,1193.1
401,8,4,12,0.41176,1,29,4,Pelletier,0,6,8481592,9,12,0.41379,L,0,0,20242025,0,0,0.11111,L,36,Jakob Pelletier,"CGY,PHI",732.8275
402,31,16,40,0.46534,3,60,29,Guentzel,0,18,8477404,14,60,1.0,C,13,20,20242025,0,0,0.18125,L,160,Jake Guentzel,TBL,1199.0666
403,48,12,41,0.37795,7,62,20,Necas,0,12,8480039,5,68,1.09677,C,8,27,20242025,0,0,0.13333,R,150,Martin Necas,"CAR,COL",1133.5
404,36,2,14,,1,60,6,Sanderson,1,10,8482105,-17,42,0.7,D,4,24,20242025,0,4,0.04255,L,141,Jake Sanderson,OTT,1470.6333
405,4,3,7,0.23076,0,49,3,Kartye,0,34,8481789,-16,7,0.14285,L,0,0,20242025,0,0,0.07142,L,42,Tye Kartye,SEA,587.653
406,15,1,8,,0,53,2,Gustafsson,0,20,8476979,-17,17,0.32075,D,1,9,20242025,0,0,0.03278,L,61,Erik Gustafsson,DET,970.6415
407,15,16,27,0.50477,3,55,18,Paul,1,30,8477426,8,33,0.6,L,2,5,20242025,0,1,0.18556,L,97,Nick Paul,TBL,986.5818
408,17,9,20,0.4878,0,62,17,Bertuzzi,0,43,8477479,-32,34,0.54838,L,8,14,20242025,0,0,0.16504,L,103,Tyler Bertuzzi,CHI,976.5806
409,14,4,18,,2,64,4,Ceci,0,20,8476879,-6,18,0.28125,D,0,0,20242025,0,0,0.0606,R,66,Cody Ceci,"SJS,DAL",1294.9375
410,9,7,15,0.54921,2,60,8,Henrique,0,12,8474641,3,17,0.28333,C,0,1,20242025,1,1,0.10256,L,78,Adam Henrique,EDM,860.4666
411,41,13,44,0.34615,3,62,22,Konecny,0,45,8478439,-7,63,1.01612,R,8,16,20242025,1,3,0.15172,R,145,Travis Konecny,PHI,1240.2096
412,17,3,19,,0,58,3,Carrier,0,26,8478851,-9,20,0.34482,D,0,0,20242025,0,1,0.04838,R,62,Alexandre Carrier,"NSH,MTL",1217.9655
413,30,10,31,0.44712,1,54,17,Cooley,0,30,8483431,7,47,0.87037,C,7,16,20242025,0,0,0.14655,L,116,Logan Cooley,UTA,1063.3703
414,26,12,29,0.46153,4,49,14,Zuccarello,0,16,8475692,6,40,0.81632,R,2,11,20242025,0,0,0.13725,L,102,Mats Zuccarello,MIN,1164.3673
415,4,5,9,0.47029,1,42,6,Kurashev,1,14,8480798,-29,10,0.23809,C,1,1,20242025,0,0,0.125,L,48,Philipp Kurashev,CHI,858.619
416,5,1,6,,0,41,1,Moverare,0,10,8479421,1,6,0.14634,D,0,0,20242025,0,0,0.04,L,25,Jacob Moverare,LAK,701.9512
417,6,7,12,0.56851,2,52,7,Drury,0,14,8480835,-1,13,0.25,C,0,1,20242025,0,0,0.08641,L,81,Jack Drury,"CAR,COL",780.7692
418,1,2,3,0.42857,0,21,2,MacEwen,0,21,8479772,0,3,0.14285,R,0,0,20242025,0,0,0.07692,R,26,Zack MacEwen,OTT,465.6666
419,10,7,16,0.17647,0,54,9,Benson,0,40,8484145,-5,19,0.35185,L,2,3,20242025,0,0,0.1125,L,80,Zach Benson,BUF,868.8888
420,4,3,6,,1,17,3,Lindholm,0,4,8476854,-4,7,0.41176,D,0,1,20242025,0,0,0.08571,L,35,Hampus Lindholm,BOS,1251.3529
421,0,1,1,,0,2,1,Duke,0,0,8482663,0,1,0.5,L,0,0,20242025,0,0,1.0,L,1,Dylan Duke,TBL,471.5
422,39,8,29,,1,59,11,Hedman,0,24,8475167,14,50,0.84745,D,3,21,20242025,0,0,0.07801,L,141,Victor Hedman,TBL,1406.5593
423,37,17,46,0.35294,4,61,25,Robertson,0,10,8480027,6,62,1.01639,L,8,16,20242025,0,0,0.14619,L,171,Jason Robertson,DAL,1067.4426
424,53,15,44,0.4645,1,59,19,Eichel,0,6,8478403,27,72,1.22033,C,3,26,20242025,1,2,0.10382,R,183,Jack Eichel,VGK,1261.6101
425,3,2,5,0.47445,0,42,2,Dowling,0,4,8475413,-2,5,0.11904,C,0,0,20242025,0,0,0.08695,L,23,Justin Dowling,NJD,590.2619
426,2,0,1,0.46,0,12,0,Kapanen,0,2,8482775,-4,2,0.16666,C,0,1,20242025,0,0,0.0,R,13,Oliver Kapanen,MTL,697.75
427,18,9,22,0.51129,5,61,18,Stamkos,0,38,8474564,-21,36,0.59016,C,9,14,20242025,0,0,0.1374,R,131,Steven Stamkos,NSH,1076.5081
428,4,2,6,0.54545,0,18,2,Dach,0,10,8482703,3,6,0.33333,C,0,0,20242025,0,0,0.1,L,20,Colton Dach,CHI,698.6111
429,33,9,26,0.3677,4,62,16,Bedard,0,34,8484144,-30,49,0.79032,C,7,23,20242025,0,0,0.11188,R,143,Connor Bedard,CHI,1217.0
430,13,11,22,0.46327,1,62,14,Rodrigues,0,30,8478542,0,27,0.43548,C,3,5,20242025,0,0,0.10852,R,129,Evan Rodrigues,FLA,915.629
431,3,2,5,,0,43,2,Välimäki,0,14,8479976,-5,5,0.11627,D,0,0,20242025,0,0,0.05,L,40,Juuso Välimäki,UTA,993.186
432,12,0,11,,0,57,1,Peeke,0,8,8479369,-5,13,0.22807,D,0,0,20242025,1,2,0.01818,R,55,Andrew Peeke,BOS,1087.6842
433,15,0,15,,0,41,0,Pelech,0,18,8476917,4,15,0.36585,D,0,0,20242025,0,0,0.0,L,81,Adam Pelech,NYI,1285.0975
434,0,0,0,,0,5,0,Hutton,0,0,8477018,0,0,0.0,D,0,0,20242025,0,0,0.0,L,6,Ben Hutton,VGK,670.0
435,21,2,18,,0,55,4,Clarke,0,36,8482730,7,25,0.45454,D,2,7,20242025,0,0,0.04081,R,98,Brandt Clarke,LAK,977.6181
436,12,13,23,0.43207,3,59,16,Suter,0,10,8480459,1,28,0.47457,C,2,4,20242025,1,1,0.17777,L,90,Pius Suter,VAN,993.5762
437,0,0,0,,0,2,0,Mackey,0,5,8482067,0,0,0.0,D,0,0,20242025,0,0,0.0,L,1,Connor Mackey,NYR,967.5
438,29,10,30,0.4229,3,54,12,Malkin,1,28,8471215,-23,41,0.75925,C,2,11,20242025,0,0,0.13043,L,92,Evgeni Malkin,PIT,1072.6481
439,24,6,23,0.45942,1,54,11,Pettersson,0,14,8480012,-9,35,0.64814,C,5,12,20242025,0,0,0.11702,L,94,Elias Pettersson,VAN,1126.9444
440,27,10,30,0.51467,2,41,14,Monahan,0,14,8477497,17,41,1.0,C,4,9,20242025,0,2,0.13207,L,106,Sean Monahan,CBJ,1166.7804
441,7,5,10,,0,35,5,Martinez,0,4,8474166,-9,12,0.34285,D,0,2,20242025,0,0,0.14705,L,34,Alec Martinez,CHI,1194.6857
442,0,0,0,0.44736,0,7,0,Gaunce,0,4,8476867,-4,0,0.0,C,0,0,20242025,0,0,0.0,L,5,Brendan Gaunce,MIN,600.2857
443,17,6,21,,2,62,6,Slavin,0,8,8476958,16,23,0.37096,D,0,0,20242025,0,2,0.07228,L,83,Jaccob Slavin,CAR,1303.887
444,2,1,3,0.53608,0,28,1,Stephens,0,6,8478477,-8,3,0.10714,C,0,0,20242025,0,0,0.05263,R,19,Mitchell Stephens,SEA,553.5357
445,10,10,20,0.4912,2,62,11,Dowd,0,42,8475343,9,21,0.3387,C,0,0,20242025,1,1,0.16666,R,66,Nic Dowd,WSH,922.0645
446,8,5,13,0.14285,0,47,5,Cousins,0,39,8476393,-2,13,0.27659,C,0,0,20242025,0,0,0.07936,L,63,Nick Cousins,OTT,713.5744
447,6,5,10,0.42011,2,49,6,Geekie,0,14,8483447,-3,12,0.24489,C,1,2,20242025,0,0,0.11111,L,54,Conor Geekie,TBL,728.6734
448,1,0,1,0.48837,0,3,0,Poturalski,0,2,8479249,-1,1,0.33333,C,0,0,20242025,0,0,0.0,R,5,Andrew Poturalski,SJS,867.3333
449,14,0,13,,0,56,0,Lilleberg,0,80,8482929,-6,14,0.25,D,0,0,20242025,0,1,0.0,L,34,Emil Lilleberg,TBL,931.9285
450,23,4,17,,1,59,5,Matheson,1,43,8476875,-7,28,0.47457,D,1,10,20242025,0,1,0.04587,L,109,Mike Matheson,MTL,1486.3728
451,26,10,31,0.42047,3,60,10,Strome,0,40,8476458,0,36,0.6,C,0,5,20242025,0,0,0.09259,R,108,Ryan Strome,ANA,1024.5666
452,24,21,40,0.44444,3,59,26,Kempe,1,26,8477960,13,50,0.84745,R,4,9,20242025,1,1,0.14857,L,175,Adrian Kempe,LAK,1169.7966
453,41,15,33,0.0,3,61,22,Raymond,1,18,8482078,-7,63,1.03278,L,6,29,20242025,1,1,0.15384,R,143,Lucas Raymond,DET,1135.0327
454,25,7,24,0.27272,2,62,12,Perfetti,0,14,8482149,17,37,0.59677,C,5,13,20242025,0,0,0.11538,L,104,Cole Perfetti,WPG,904.9516
455,0,0,0,,0,2,0,Halonen,0,0,8483531,-1,0,0.0,L,0,0,20242025,0,0,0.0,R,2,Brian Halonen,NJD,834.0
456,5,1,6,,0,22,1,Oesterle,0,2,8477851,3,6,0.27272,D,0,0,20242025,0,0,0.05,L,20,Jordan Oesterle,BOS,1056.2272
457,6,4,8,0.53082,0,51,5,Haula,0,33,8475287,-11,11,0.21568,L,1,3,20242025,0,0,0.06097,L,82,Erik Haula,NJD,860.098
458,25,9,26,0.25,2,61,18,Svechnikov,0,47,8480830,-7,43,0.70491,R,9,17,20242025,0,0,0.10975,L,164,Andrei Svechnikov,CAR,1054.8032
459,5,2,7,,0,59,2,Malinski,0,8,8484258,4,7,0.11864,D,0,0,20242025,0,0,0.02564,R,78,Sam Malinski,COL,929.5762
460,4,4,8,0.46808,1,47,4,Lewis,0,18,8473453,-5,8,0.17021,C,0,0,20242025,0,0,0.09523,R,42,Trevor Lewis,LAK,615.5319
461,15,5,19,,0,49,7,Fowler,0,14,8475764,1,22,0.44897,D,2,3,20242025,0,0,0.11111,L,63,Cam Fowler,"ANA,STL",1313.1224
462,1,0,1,,0,19,0,St. Ivany,0,17,8481030,-3,1,0.05263,D,0,0,20242025,0,0,0.0,R,12,Jack St. Ivany,PIT,982.0526
463,5,5,10,0.47222,0,56,5,Veleno,0,13,8480813,-14,10,0.17857,C,0,0,20242025,0,0,0.1,L,50,Joe Veleno,DET,717.0535
464,28,3,19,,2,54,3,Ekblad,0,51,8477932,10,31,0.57407,D,0,10,20242025,0,2,0.02857,R,105,Aaron Ekblad,FLA,1411.0
465,17,9,20,,3,42,11,Dunn,1,23,8478407,-6,28,0.66666,D,2,8,20242025,0,0,0.1134,L,97,Vince Dunn,SEA,1331.3571
466,20,8,23,0.46368,4,58,9,Stankoven,0,6,8482702,2,29,0.5,C,1,6,20242025,0,0,0.06122,R,147,Logan Stankoven,DAL,908.0172
467,8,1,9,,0,62,1,Carlo,0,22,8478443,3,9,0.14516,D,0,0,20242025,0,0,0.01562,R,64,Brandon Carlo,BOS,1125.9838
468,37,18,40,0.53949,6,61,25,Duchene,1,8,8475168,10,62,1.01639,C,7,22,20242025,0,0,0.22321,L,112,Matt Duchene,DAL,1037.0327
469,45,26,59,0.375,4,63,32,Pastrnak,3,30,8477956,-3,77,1.22222,R,6,18,20242025,0,0,0.1226,R,261,David Pastrnak,BOS,1216.9523
470,0,0,0,,0,1,0,Jarnkrok,0,0,8475714,-1,0,0.0,C,0,0,20242025,0,0,,R,0,Calle Jarnkrok,TOR,503.0
471,4,4,8,0.28571,3,26,7,Vrana,0,6,8477944,6,11,0.42307,L,3,3,20242025,0,0,0.25,L,28,Jakub Vrana,WSH,589.923
472,2,0,1,0.63636,0,9,0,Johnson,0,10,8474870,-1,2,0.22222,C,0,1,20242025,0,0,0.0,R,6,Tyler Johnson,BOS,784.6666
473,19,5,23,0.30434,1,62,5,Raddysh,0,14,8479390,0,24,0.38709,R,0,1,20242025,0,0,0.07812,R,64,Taylor Raddysh,WSH,744.9516
474,25,13,34,0.50155,1,59,20,Cirelli,0,20,8478519,23,45,0.76271,C,3,5,20242025,4,6,0.16806,L,119,Anthony Cirelli,TBL,1133.1355
475,2,1,3,,0,15,1,Lamoureux,0,42,8483472,3,3,0.2,D,0,0,20242025,0,0,0.05882,R,17,Maveric Lamoureux,UTA,967.4666
476,24,8,27,0.33333,1,58,11,Slafkovsky,0,25,8483515,-7,35,0.60344,L,3,8,20242025,0,0,0.1279,L,86,Juraj Slafkovsky,MTL,1013.7586
477,12,5,17,0.49931,0,60,5,Blueger,0,23,8476927,-10,17,0.28333,C,0,0,20242025,0,0,0.07692,L,65,Teddy Blueger,VAN,862.1
478,14,5,16,0.42307,1,30,6,Barzal,0,4,8478445,10,20,0.66666,C,1,4,20242025,0,0,0.07692,R,78,Mathew Barzal,NYI,1220.9666
479,3,1,4,,0,29,1,Harris,0,6,8480887,-5,4,0.13793,D,0,0,20242025,0,0,0.07692,L,13,Jordan Harris,CBJ,666.862
480,10,11,21,0.41614,3,59,12,Boqvist,0,14,8480003,2,22,0.37288,C,0,0,20242025,1,1,0.1875,L,64,Jesper Boqvist,FLA,780.9491
481,29,15,33,0.50349,5,62,26,Vilardi,0,12,8480014,7,55,0.88709,C,11,22,20242025,0,0,0.22413,R,116,Gabriel Vilardi,WPG,1087.9838
482,23,2,20,,0,53,3,Raddysh,0,12,8478178,8,26,0.49056,D,1,6,20242025,0,0,0.03529,R,85,Darren Raddysh,TBL,1088.6037
483,0,0,0,0.48,0,26,0,Jones,0,10,8480259,-3,0,0.0,C,0,0,20242025,0,0,0.0,L,24,Ben Jones,MIN,502.923
484,43,12,35,0.54718,2,62,18,Strome,0,24,8478440,10,61,0.98387,C,6,26,20242025,0,0,0.16071,L,112,Dylan Strome,WSH,1054.7258
485,0,1,1,,0,3,1,Carlile,0,0,8483398,2,1,0.33333,D,0,0,20242025,0,0,0.33333,L,3,Declan Carlile,TBL,780.3333
486,34,11,32,0.56695,5,59,14,Kopitar,0,2,8471685,5,48,0.81355,C,3,15,20242025,0,1,0.17948,L,78,Anze Kopitar,LAK,1153.9322
487,0,0,0,,0,4,0,Roy,0,2,8482749,-1,0,0.0,R,0,0,20242025,0,0,0.0,L,3,Joshua Roy,MTL,656.5
488,28,22,48,0.27272,5,62,23,Protas,1,18,8481656,30,51,0.82258,C,0,1,20242025,1,2,0.19827,L,116,Aliaksei Protas,WSH,992.0483
489,18,3,19,,0,62,4,Sandin,0,10,8480873,16,22,0.35483,D,1,3,20242025,0,0,0.06349,L,63,Rasmus Sandin,WSH,1140.5806
490,0,0,0,,0,5,0,Friedman,0,10,8478017,-4,0,0.0,D,0,0,20242025,0,0,0.0,R,4,Mark Friedman,VAN,843.8
491,4,0,4,,0,14,0,DeSimone,0,0,8480084,0,4,0.28571,D,0,0,20242025,0,0,0.0,R,16,Nick DeSimone,UTA,930.1428
492,0,0,0,,0,3,0,Gudbranson,0,2,8475790,0,0,0.0,D,0,0,20242025,0,0,0.0,R,1,Erik Gudbranson,CBJ,946.3333
493,4,1,5,,0,23,1,Wilsby,0,6,8482482,3,5,0.21739,D,0,0,20242025,0,0,0.0303,L,33,Adam Wilsby,NSH,1085.913
494,5,2,7,,0,34,2,Helleson,0,31,8481563,-1,7,0.20588,D,0,0,20242025,0,0,0.05882,R,34,Drew Helleson,ANA,954.8529
495,35,7,28,0.47104,1,61,12,Schmaltz,0,8,8477951,-10,47,0.77049,C,5,19,20242025,0,0,0.0916,R,131,Nick Schmaltz,UTA,1131.2131
496,7,2,9,,1,58,2,Soucy,0,42,8477369,-14,9,0.15517,D,0,0,20242025,0,0,0.03278,L,61,Carson Soucy,VAN,1103.7931
497,7,1,8,,0,61,1,Christiansen,0,11,8481161,7,8,0.13114,D,0,0,20242025,0,0,0.01785,L,56,Jake Christiansen,CBJ,776.1639
498,20,15,32,0.47183,2,60,19,Bennett,0,69,8477935,-9,39,0.65,C,4,7,20242025,0,0,0.09743,L,195,Sam Bennett,FLA,1029.2833
499,11,6,17,0.52095,2,19,9,Seguin,0,2,8475794,14,20,1.05263,C,3,3,20242025,0,0,0.2093,R,43,Tyler Seguin,DAL,973.2105
500,23,16,27,0.5549,2,57,26,Hischier,0,16,8480002,16,49,0.85964,C,10,21,20242025,0,1,0.17218,L,151,Nico Hischier,NJD,1219.6315
501,25,7,29,0.47252,1,59,10,Kakko,0,30,8481554,3,35,0.59322,R,3,6,20242025,0,0,0.10869,L,92,Kaapo Kakko,"NYR,SEA",924.9491
502,4,4,8,0.125,0,26,4,McGinn,0,0,8476934,1,8,0.30769,L,0,0,20242025,0,0,0.13333,L,30,Brock McGinn,ANA,702.5
503,0,0,0,,0,1,0,Quillan,0,0,8484901,0,0,0.0,C,0,0,20242025,0,0,,L,0,Jacob Quillan,TOR,321.0
504,16,13,27,0.375,4,55,15,Laferriere,0,14,8482155,11,31,0.56363,R,2,4,20242025,0,0,0.11363,R,132,Alex Laferriere,LAK,1013.1272
505,0,0,0,,0,1,0,Misyul,0,0,8481536,-1,0,0.0,D,0,0,20242025,0,0,,L,0,Daniil Misyul,NJD,743.0
506,12,1,11,,0,43,1,Manson,0,26,8476312,-9,13,0.30232,D,0,1,20242025,0,1,0.01754,R,57,Josh Manson,COL,1092.3953
507,9,5,13,,1,55,5,Edmundson,0,16,8476441,18,14,0.25454,D,0,1,20242025,0,0,0.07142,L,70,Joel Edmundson,LAK,1244.2363
508,5,0,5,,0,25,0,Gilbert,0,50,8478502,-3,5,0.2,D,0,0,20242025,0,0,0.0,L,5,Dennis Gilbert,BUF,604.2
509,0,1,1,0.46236,0,24,1,Wagner,0,9,8475780,-7,1,0.04166,R,0,0,20242025,0,0,0.04,R,25,Chris Wagner,COL,414.5416
510,16,13,20,0.44554,2,56,16,Coronato,1,21,8482679,5,32,0.57142,R,3,12,20242025,0,0,0.12403,R,129,Matt Coronato,CGY,1023.6607
511,23,7,18,0.375,6,51,15,Kane,2,10,8474141,-14,38,0.74509,R,8,20,20242025,0,0,0.13043,L,115,Patrick Kane,DET,1060.6078
512,22,7,27,,2,60,7,Byram,0,26,8481524,5,29,0.48333,D,0,2,20242025,0,0,0.09722,L,72,Bowen Byram,BUF,1386.2666
513,12,0,12,,0,59,0,Trouba,0,47,8476885,-1,12,0.20338,D,0,0,20242025,0,0,0.0,R,86,Jacob Trouba,"NYR,ANA",1224.9491
514,0,0,0,,0,1,0,Harvey-Pinard,0,0,8481093,0,0,0.0,L,0,0,20242025,0,0,,L,0,Rafael Harvey-Pinard,MTL,534.0
515,17,2,17,,0,55,2,Lindgren,0,36,8479324,1,19,0.34545,D,0,0,20242025,0,2,0.04761,L,42,Ryan Lindgren,"NYR,COL",1197.0727
516,10,8,15,0.5,0,52,8,Maccelli,0,8,8481711,-13,18,0.34615,L,0,3,20242025,0,0,0.09638,L,83,Matias Maccelli,UTA,834.9615
517,10,7,17,0.38888,1,60,8,Hathaway,0,48,8477903,4,18,0.3,R,0,0,20242025,1,1,0.10526,R,76,Garnet Hathaway,PHI,712.8
518,2,2,4,,0,7,2,Mailloux,0,6,8482733,-5,4,0.57142,D,0,0,20242025,0,0,0.2,R,10,Logan Mailloux,MTL,972.2857
519,1,0,1,,0,7,0,Fleury,0,0,8479985,2,1,0.14285,D,0,0,20242025,0,0,0.0,R,7,Cale Fleury,SEA,739.5714
520,0,0,0,0.5,0,5,0,Tufte,0,4,8479362,-3,0,0.0,L,0,0,20242025,0,0,,L,0,Riley Tufte,BOS,484.8
521,1,1,2,,0,7,1,Steeves,0,0,8482634,3,2,0.28571,C,0,0,20242025,0,0,0.14285,L,7,Alex Steeves,TOR,593.4285
522,9,10,18,0.52536,0,60,10,Eller,0,28,8474189,1,19,0.31666,C,0,1,20242025,0,0,0.12658,L,79,Lars Eller,"PIT,WSH",817.6166
523,12,7,18,0.42592,2,61,8,Luostarinen,0,24,8480185,11,20,0.32786,C,0,0,20242025,1,2,0.11764,L,68,Eetu Luostarinen,FLA,919.8524
524,20,2,14,,1,58,2,Faulk,0,16,8475753,-10,22,0.37931,D,0,8,20242025,0,0,0.0215,R,93,Justin Faulk,STL,1340.3448
525,1,0,1,,0,10,1,Puustinen,0,4,8481703,-4,2,0.2,R,1,1,20242025,0,0,0.16666,R,6,Valtteri Puustinen,PIT,593.3
526,9,4,13,,1,40,4,Samberg,0,22,8480049,23,13,0.325,D,0,0,20242025,0,0,0.06896,L,58,Dylan Samberg,WPG,1274.25
527,43,18,49,0.53389,6,61,27,Rantanen,0,36,8478420,10,70,1.14754,R,9,21,20242025,0,0,0.15697,L,172,Mikko Rantanen,"COL,CAR",1317.2622
528,15,13,27,0.27777,2,54,14,van Riemsdyk,0,14,8474037,-2,29,0.53703,L,1,2,20242025,0,0,0.21212,L,66,James van Riemsdyk,CBJ,746.5185
529,2,4,6,0.27272,0,33,4,Vesey,0,0,8476918,-2,6,0.18181,L,0,0,20242025,0,0,0.13333,L,30,Jimmy Vesey,NYR,640.4545
530,7,3,10,0.55172,0,43,3,Joseph,0,14,8478472,-5,10,0.23255,R,0,0,20242025,0,0,0.05769,L,52,Mathieu Joseph,STL,720.2325
531,21,6,23,,0,62,6,Sanheim,0,28,8477948,-7,27,0.43548,D,0,2,20242025,0,2,0.05555,L,108,Travis Sanheim,PHI,1467.0967
532,12,3,15,0.48437,1,56,4,Maroon,0,71,8474034,-10,16,0.28571,L,1,1,20242025,0,0,0.06451,L,62,Patrick Maroon,CHI,698.0535
533,28,11,28,0.30303,5,62,16,Verhaeghe,0,36,8477409,-13,44,0.70967,C,5,16,20242025,0,0,0.08602,L,186,Carter Verhaeghe,FLA,1087.1612
534,7,5,9,,1,22,7,Chinakhov,0,2,8482475,0,14,0.63636,R,2,5,20242025,0,0,0.1228,L,57,Yegor Chinakhov,CBJ,1011.409
535,3,3,6,0.66666,0,47,4,Pyyhtia,0,6,8482451,-11,7,0.14893,L,0,0,20242025,1,1,0.125,L,32,Mikael Pyyhtia,CBJ,725.9787
536,0,1,1,,1,1,1,Sourdif,0,0,8482088,1,1,1.0,R,0,0,20242025,0,0,0.5,R,2,Justin Sourdif,FLA,567.0
537,2,0,2,,0,8,0,Ludvig,0,6,8481206,-4,2,0.25,D,0,0,20242025,0,0,0.0,L,9,John Ludvig,COL,777.0
538,2,1,3,,0,25,1,Pickering,0,6,8483503,-5,3,0.12,D,0,0,20242025,0,0,0.06666,L,15,Owen Pickering,PIT,888.92
539,46,14,42,,4,60,20,Werenski,2,29,8478460,14,66,1.1,D,5,21,20242025,1,3,0.09259,L,216,Zach Werenski,CBJ,1616.2833
540,5,3,8,0.47214,0,61,3,MacLean,0,10,8481237,-12,8,0.13114,C,0,0,20242025,0,0,0.06521,L,46,Kyle MacLean,NYI,582.0819
541,26,6,25,,1,50,6,Walman,0,36,8478013,-1,32,0.64,D,0,7,20242025,0,0,0.048,L,125,Jake Walman,SJS,1390.5
542,15,3,14,,0,39,3,Hronek,0,22,8479425,2,18,0.46153,D,0,4,20242025,0,0,0.05769,R,52,Filip Hronek,VAN,1421.7179
543,26,9,28,0.41333,3,54,18,Zucker,0,53,8475722,4,44,0.81481,L,9,16,20242025,0,0,0.18181,L,99,Jason Zucker,BUF,962.1111
544,2,0,2,,0,29,0,Burroughs,0,31,8477335,2,2,0.06896,D,0,0,20242025,0,0,0.0,R,5,Kyle Burroughs,LAK,454.862
545,0,0,0,,0,19,0,Dermott,0,2,8478408,-3,0,0.0,D,0,0,20242025,0,0,0.0,L,8,Travis Dermott,"EDM,MIN",736.3684
546,41,5,29,,2,55,7,Theodore,0,20,8477447,10,48,0.87272,D,2,19,20242025,0,0,0.06306,L,111,Shea Theodore,VGK,1322.6363
547,14,13,26,0.46538,2,58,14,Cates,0,10,8480220,7,28,0.48275,L,1,2,20242025,0,0,0.16666,L,84,Noah Cates,PHI,918.0517
548,3,1,3,,0,18,1,Miroshnichenko,0,0,8483491,1,4,0.22222,L,0,1,20242025,0,0,0.07142,R,14,Ivan Miroshnichenko,WSH,560.5555
549,6,3,8,,0,60,3,Chiarot,0,45,8475279,-7,9,0.15,D,0,1,20242025,0,0,0.03488,L,86,Ben Chiarot,DET,1281.45
550,33,15,37,0.1,2,61,22,Forsberg,0,36,8476887,-16,55,0.90163,L,7,18,20242025,0,0,0.10232,R,215,Filip Forsberg,NSH,1125.6721
551,6,0,6,,0,19,0,Marino,0,0,8478507,3,6,0.31578,D,0,0,20242025,0,0,0.0,R,18,John Marino,UTA,1278.5789
552,26,18,36,0.43661,4,62,22,McMichael,0,28,8481580,21,48,0.77419,C,4,11,20242025,0,1,0.15942,L,138,Connor McMichael,WSH,1029.2419
553,25,18,36,0.30769,4,62,24,Kyrou,0,18,8479385,12,49,0.79032,C,6,13,20242025,0,0,0.13793,R,174,Jordan Kyrou,STL,1067.4677
554,8,5,10,0.53636,1,47,9,Hayes,0,6,8475763,-14,17,0.3617,R,4,6,20242025,0,1,0.11392,L,79,Kevin Hayes,PIT,738.7446
555,37,9,28,,1,61,10,Bouchard,0,22,8480803,13,47,0.77049,D,1,19,20242025,0,0,0.05555,R,180,Evan Bouchard,EDM,1412.4098
556,15,3,18,,0,56,3,Jensen,0,6,8475324,14,18,0.32142,D,0,0,20242025,0,0,0.04918,R,61,Nick Jensen,OTT,1222.8035
557,2,1,3,,1,19,1,Lee,0,11,8481732,-5,3,0.15789,L,0,0,20242025,0,0,0.05555,L,18,Andre Lee,LAK,550.2631
558,1,0,1,0.0,0,8,0,Winterton,0,0,8482751,-7,1,0.125,C,0,0,20242025,0,0,0.0,R,8,Ryan Winterton,SEA,622.0
559,16,0,16,,0,62,0,van Riemsdyk,0,12,8477845,18,16,0.25806,D,0,0,20242025,0,0,0.0,R,62,Trevor van Riemsdyk,WSH,1041.3225
560,7,1,8,0.18181,0,59,1,Lomberg,0,53,8479066,-1,8,0.13559,L,0,0,20242025,0,0,0.01923,L,52,Ryan Lomberg,CGY,517.305
561,1,0,1,,0,4,0,Shine,0,0,8479942,-1,1,0.25,R,0,0,20242025,0,0,0.0,R,2,Dominik Shine,DET,523.5
562,15,11,24,0.5204,4,54,11,Lowry,1,26,8476392,17,26,0.48148,C,0,0,20242025,0,2,0.14666,L,75,Adam Lowry,WPG,921.9814
563,10,3,9,0.47368,4,33,14,Laine,1,10,8479339,-10,24,0.72727,L,11,15,20242025,0,0,0.18666,R,75,Patrik Laine,MTL,873.7272
564,17,5,20,0.25,1,53,5,Johansson,0,4,8475149,2,22,0.41509,L,0,2,20242025,0,0,0.05952,L,84,Marcus Johansson,MIN,960.849
565,31,8,23,0.5227,1,61,10,Stephenson,0,22,8476905,-12,41,0.67213,C,1,17,20242025,1,1,0.16949,L,59,Chandler Stephenson,SEA,1176.377
566,9,2,11,,0,62,2,Walker,0,36,8480336,-1,11,0.17741,D,0,0,20242025,0,0,0.0196,R,102,Sean Walker,CAR,971.0967
567,13,14,24,0.1875,4,60,24,Dorofeyev,0,20,8481604,-10,37,0.61666,L,10,13,20242025,0,0,0.13559,L,177,Pavel Dorofeyev,VGK,984.6166
568,11,1,12,,0,55,1,Savard,0,26,8475233,-7,12,0.21818,D,0,0,20242025,0,0,0.02702,R,37,David Savard,MTL,1062.6363
569,2,3,5,,0,24,3,Mateychuk,0,6,8483485,-3,5,0.20833,D,0,0,20242025,0,0,0.13043,L,23,Denton Mateychuk,CBJ,1102.0
570,46,11,38,,3,62,22,Makar,0,12,8480069,18,68,1.09677,D,9,28,20242025,2,2,0.11458,R,192,Cale Makar,COL,1546.6129
571,8,4,11,0.47435,1,57,4,Lundestrom,0,6,8480806,-2,12,0.21052,C,0,1,20242025,0,0,0.08163,L,49,Isac Lundestrom,ANA,838.4035
572,2,1,1,,0,13,1,Barrie,0,4,8475197,-7,3,0.23076,D,0,2,20242025,0,0,0.05263,R,19,Tyson Barrie,CGY,948.0769
573,7,12,18,0.36363,0,63,13,Beauvillier,0,14,8478463,-1,20,0.31746,L,0,1,20242025,1,1,0.10833,L,120,Anthony Beauvillier,PIT,780.1587
574,14,7,21,,0,61,7,Kulak,0,10,8476967,-1,21,0.34426,D,0,0,20242025,0,0,0.07142,L,98,Brett Kulak,EDM,1205.3278
575,6,11,17,0.50597,1,61,11,McBain,0,61,8480855,2,17,0.27868,C,0,0,20242025,0,0,0.17187,L,64,Jack McBain,UTA,801.2786
576,2,0,1,,0,12,0,Vlasic,0,0,8471709,-3,2,0.16666,D,0,0,20242025,0,1,0.0,L,5,Marc-Edouard Vlasic,SJS,921.0
577,35,12,34,0.49711,2,61,22,Johnston,1,12,8482740,7,57,0.93442,C,7,20,20242025,3,3,0.13333,R,165,Wyatt Johnston,DAL,1147.4426
578,20,6,24,0.46435,2,54,9,Sillinger,1,35,8482705,-15,29,0.53703,C,2,3,20242025,1,2,0.07894,L,114,Cole Sillinger,CBJ,1038.3333
579,4,5,9,0.4,1,56,5,Jeannot,0,80,8479661,-3,9,0.16071,L,0,0,20242025,0,0,0.11363,L,44,Tanner Jeannot,LAK,675.2321
580,23,7,25,0.45847,2,59,14,Wright,0,16,8483524,5,37,0.62711,C,7,12,20242025,0,0,0.2295,R,61,Shane Wright,SEA,817.2372
581,4,1,5,0.60262,0,33,1,Ryan,0,12,8478585,-5,5,0.15151,C,0,0,20242025,0,0,0.05882,R,17,Derek Ryan,EDM,564.6363
582,8,4,11,0.49787,0,50,5,Blackwell,0,10,8476278,2,13,0.26,C,0,1,20242025,1,1,0.0909,R,55,Colin Blackwell,DAL,701.5
583,11,5,15,0.14285,3,39,11,Olofsson,0,8,8478109,10,22,0.5641,L,6,7,20242025,0,0,0.15068,L,73,Victor Olofsson,VGK,889.1025
584,12,6,16,0.41489,2,62,8,O'Connor,1,24,8482055,-14,20,0.32258,L,1,2,20242025,1,2,0.0808,L,99,Drew O'Connor,"PIT,VAN",877.7903
585,10,4,14,,1,48,4,Fabbro,0,28,8479371,14,14,0.29166,D,0,0,20242025,0,0,0.07142,R,56,Dante Fabbro,"NSH,CBJ",1245.2916
586,0,1,1,1.0,0,7,1,Burke,0,2,8482250,2,1,0.14285,C,0,0,20242025,0,0,0.08333,R,12,Callahan Burke,VGK,650.4285
587,0,0,0,0.33333,0,2,0,Jenik,0,0,8480890,-1,0,0.0,C,0,0,20242025,0,0,,L,0,Jan Jenik,OTT,461.5
588,16,6,18,,3,47,7,Spurgeon,1,12,8474716,9,23,0.48936,D,1,5,20242025,0,0,0.08974,R,78,Jared Spurgeon,MIN,1219.1914
589,11,24,33,0.38461,4,50,26,Lehkonen,0,24,8477476,26,37,0.74,L,1,3,20242025,1,1,0.23008,L,113,Artturi Lehkonen,COL,1268.04
590,8,4,12,,0,61,4,Bogosian,0,33,8474567,-1,12,0.19672,D,0,0,20242025,0,0,0.06451,R,62,Zach Bogosian,MIN,990.3114
591,5,5,10,0.125,1,57,5,Eyssimont,0,44,8479591,0,10,0.17543,C,0,0,20242025,0,0,0.05102,L,98,Mikey Eyssimont,TBL,640.6842
592,0,0,0,,0,1,0,Capobianco,0,4,8478476,-2,0,0.0,D,0,0,20242025,0,0,,L,0,Kyle Capobianco,DAL,683.0
593,1,0,1,,0,8,0,Brown,0,9,8477384,-1,1,0.125,D,0,0,20242025,0,0,0.0,R,5,Joshua Brown,EDM,688.875
594,9,5,13,,1,62,5,Chatfield,0,26,8478970,17,14,0.2258,D,0,0,20242025,0,1,0.05555,R,90,Jalen Chatfield,CAR,1133.758
595,2,0,2,0.37037,0,8,0,Aman,0,0,8482496,-3,2,0.25,C,0,0,20242025,0,0,0.0,L,4,Nils Aman,VAN,630.75
596,0,0,0,,0,2,0,Morrow,0,0,8482666,-1,0,0.0,D,0,0,20242025,0,0,0.0,R,3,Scott Morrow,CAR,686.5
597,0,0,0,,0,5,0,Othmann,0,0,8482747,3,0,0.0,L,0,0,20242025,0,0,0.0,L,5,Brennan Othmann,NYR,623.0
598,34,8,28,0.4125,0,62,15,Teravainen,0,10,8476882,-14,49,0.79032,C,7,20,20242025,0,1,0.16129,L,93,Teuvo Teravainen,CHI,1008.6612
599,6,3,5,,0,27,3,Boqvist,0,8,8480871,-6,9,0.33333,D,0,4,20242025,0,0,0.08571,R,35,Adam Boqvist,"FLA,NYI",829.3703
600,0,0,0,,0,9,0,Brisson,0,0,8482153,-3,0,0.0,C,0,0,20242025,0,0,0.0,L,7,Brendan Brisson,VGK,592.0
601,24,17,30,0.47058,2,61,22,Kadri,0,63,8475172,-16,46,0.75409,C,5,16,20242025,0,0,0.10679,L,206,Nazem Kadri,CGY,1137.6885
602,10,5,12,,0,60,5,Schmidt,0,17,8477220,3,15,0.25,D,0,3,20242025,0,0,0.10204,L,49,Nate Schmidt,FLA,970.3
603,0,1,1,,0,18,1,Englund,0,31,8477971,-6,1,0.05555,D,0,0,20242025,0,0,0.11111,L,9,Andreas Englund,"LAK,NSH",736.0
604,28,3,17,0.0,0,61,7,Weegar,0,29,8477346,12,35,0.57377,D,4,17,20242025,0,1,0.05,R,140,MacKenzie Weegar,CGY,1425.3934
605,5,4,9,0.62962,0,56,4,Malenstyn,0,23,8479359,-9,9,0.16071,L,0,0,20242025,0,0,0.0851,L,47,Beck Malenstyn,BUF,620.6428
606,6,1,7,0.5625,0,45,1,Fischer,0,11,8478432,-5,7,0.15555,R,0,0,20242025,0,0,0.03225,R,31,Christian Fischer,DET,668.8
607,5,3,7,0.51208,0,48,4,Kampf,0,12,8480144,-2,9,0.1875,C,0,0,20242025,1,2,0.09756,L,41,David Kampf,TOR,747.4791
608,18,12,27,0.54209,5,61,16,Hayton,0,25,8480849,3,34,0.55737,C,4,7,20242025,0,0,0.14035,L,114,Barrett Hayton,UTA,955.0163
609,5,1,6,,0,19,1,Mukhamadullin,0,4,8482166,4,6,0.31578,D,0,0,20242025,0,0,0.06666,L,15,Shakir Mukhamadullin,SJS,965.1578
610,3,5,8,0.5262,1,58,5,Kupari,0,16,8480845,-1,8,0.13793,C,0,0,20242025,0,0,0.09615,R,52,Rasmus Kupari,WPG,620.2413
611,0,0,0,,0,11,0,Callahan,0,0,8480828,-2,0,0.0,D,0,0,20242025,0,0,0.0,L,4,Michael Callahan,BOS,787.5454
612,9,1,9,,0,32,1,Jones,0,12,8481708,4,10,0.3125,D,0,1,20242025,0,0,0.03225,L,31,Zac Jones,NYR,1009.8125
613,1,0,1,0.0,0,23,0,Fasching,0,2,8477392,-4,1,0.04347,R,0,0,20242025,0,0,0.0,R,15,Hudson Fasching,NYI,551.7826
614,5,7,12,0.0,1,54,7,Koepke,0,12,8481043,7,12,0.22222,L,0,0,20242025,0,0,0.1129,L,62,Cole Koepke,BOS,638.1111
615,0,0,0,,0,1,0,Santini,0,0,8477463,0,0,0.0,D,0,0,20242025,0,0,0.0,R,1,Steven Santini,TBL,697.0
616,1,0,1,,0,28,0,Lauzon,0,37,8478468,-4,1,0.03571,D,0,0,20242025,0,0,0.0,L,25,Jeremy Lauzon,NSH,1078.2857
617,1,3,4,,0,25,3,Crevier,0,10,8481806,-2,4,0.16,D,0,0,20242025,0,0,0.12,R,25,Louis Crevier,CHI,1060.84
618,12,9,19,0.41666,0,52,10,Bolduc,0,18,8482737,14,22,0.42307,C,1,3,20242025,0,0,0.13698,L,73,Zack Bolduc,STL,742.8076
619,0,1,1,0.46428,0,8,1,Athanasiou,0,0,8476960,-1,1,0.125,C,0,0,20242025,0,0,0.125,L,8,Andreas Athanasiou,CHI,601.625
620,23,26,41,0.42105,2,54,30,Thompson,0,17,8479420,4,53,0.98148,C,4,12,20242025,0,0,0.17751,R,169,Tage Thompson,BUF,1120.7222
621,0,0,0,0.45945,0,4,0,Luchanko,0,2,8484779,-3,0,0.0,C,0,0,20242025,0,0,0.0,R,3,Jett Luchanko,PHI,843.25
622,1,1,2,1.0,0,7,1,Hayden,0,2,8477401,1,2,0.28571,C,0,0,20242025,0,0,0.16666,R,6,John Hayden,SEA,481.1428
623,31,14,38,0.28571,3,58,18,Peterka,0,24,8482175,0,49,0.84482,R,4,11,20242025,0,0,0.1374,L,131,JJ Peterka,BUF,1085.8275
624,5,3,8,,2,39,3,Blankenburg,1,14,8483565,10,8,0.20512,D,0,0,20242025,0,0,0.05555,R,54,Nick Blankenburg,NSH,1118.7179
625,3,2,5,0.14285,1,38,3,Lauko,0,27,8480880,-5,6,0.15789,C,0,0,20242025,1,1,0.10344,L,29,Jakub Lauko,MIN,603.2105
626,8,5,13,0.54545,1,37,5,Pacioretty,0,16,8474157,-2,13,0.35135,L,0,0,20242025,0,0,0.07142,L,70,Max Pacioretty,TOR,809.8648
627,0,0,0,,0,1,0,Hunt,0,0,8482094,0,0,0.0,D,0,0,20242025,0,0,0.0,L,2,Daemon Hunt,MIN,481.0
628,30,15,39,0.47347,2,62,21,Rossi,1,24,8482079,14,51,0.82258,C,6,12,20242025,0,0,0.20388,L,103,Marco Rossi,MIN,1099.0967
629,0,0,0,,0,2,0,Watson,0,2,8475766,-2,0,0.0,L,0,0,20242025,0,0,0.0,R,1,Austin Watson,DET,420.0
630,4,2,6,0.54347,1,43,2,Harkins,0,16,8478424,-6,6,0.13953,C,0,0,20242025,0,0,0.05882,L,34,Jansen Harkins,ANA,650.8372
631,13,11,22,0.40774,5,54,14,Carlsson,2,8,8484153,3,27,0.5,C,3,5,20242025,0,0,0.2,L,70,Leo Carlsson,ANA,958.6481
632,10,6,16,0.37106,1,35,7,Zegras,0,12,8481533,-5,17,0.48571,C,1,1,20242025,0,0,0.09859,L,71,Trevor Zegras,ANA,1025.0571
633,38,18,43,0.0,2,60,26,Panarin,0,16,8478550,-7,64,1.06666,L,8,21,20242025,0,0,0.13978,R,186,Artemi Panarin,NYR,1184.55
634,62,23,54,0.5,8,58,28,Kucherov,1,39,8476453,17,90,1.55172,R,5,36,20242025,0,0,0.1393,L,201,Nikita Kucherov,TBL,1302.7586
635,0,0,0,0.0,0,1,0,Denisenko,0,2,8480844,0,0,0.0,L,0,0,20242025,0,0,,R,0,Grigori Denisenko,VGK,507.0
636,14,14,23,0.25,6,56,20,Hyman,1,24,8475786,8,34,0.60714,L,6,11,20242025,0,0,0.12903,R,155,Zach Hyman,EDM,1152.5178
637,2,1,3,,0,12,1,Jiricek,0,6,8483460,0,3,0.25,D,0,0,20242025,0,0,0.11111,R,9,David Jiricek,"CBJ,MIN",727.0833
638,11,6,15,0.58872,3,38,7,Karlsson,0,0,8476448,7,18,0.47368,C,0,2,20242025,1,1,0.07865,L,89,William Karlsson,VGK,1030.9736
639,3,3,5,0.75,1,43,3,Wahlstrom,0,37,8480789,-6,6,0.13953,R,0,1,20242025,0,0,0.05555,R,54,Oliver Wahlstrom,"NYI,BOS",613.5581
640,10,9,19,0.63157,0,61,10,Anderson,0,58,8476981,-8,20,0.32786,R,0,0,20242025,1,1,0.11764,R,85,Josh Anderson,MTL,849.6229
641,22,10,27,,1,53,11,LaCombe,0,18,8481605,9,33,0.62264,D,1,5,20242025,0,1,0.09909,L,111,Jackson LaCombe,ANA,1278.3018
642,0,0,0,,0,10,0,Prishchepov,0,0,8485105,0,0,0.0,C,0,0,20242025,0,0,0.0,L,4,Nikita Prishchepov,COL,382.0
643,19,7,23,0.33333,2,58,10,Smith,0,22,8475191,-1,29,0.5,R,1,4,20242025,2,2,0.11235,L,89,Reilly Smith,NYR,935.8103
644,6,0,5,,0,34,0,Forbort,0,30,8475762,-8,6,0.17647,D,0,1,20242025,0,0,0.0,L,27,Derek Forbort,VAN,1064.9705
645,4,0,3,0.33333,0,5,0,Kerins,0,0,8482209,3,4,0.8,C,0,1,20242025,0,0,0.0,L,3,Rory Kerins,CGY,733.6
646,16,3,19,,0,61,4,Lindell,0,14,8476902,27,20,0.32786,D,1,1,20242025,0,0,0.05063,L,79,Esa Lindell,DAL,1325.0983
647,45,20,49,0.125,6,62,31,Connor,1,23,8478398,11,76,1.2258,L,9,25,20242025,2,2,0.15048,L,206,Kyle Connor,WPG,1221.8709
648,1,0,1,,0,6,0,Poulin,0,2,8481591,1,1,0.16666,R,0,0,20242025,0,0,0.0,L,2,Sam Poulin,PIT,605.8333
649,3,1,4,,0,10,1,Klingberg,0,8,8475906,2,4,0.4,D,0,0,20242025,0,0,0.05882,R,17,John Klingberg,EDM,1041.1
650,21,12,29,0.28571,1,61,16,Bjorkstrand,0,14,8477416,-1,37,0.60655,R,4,8,20242025,0,0,0.12903,R,124,Oliver Bjorkstrand,SEA,928.3934
651,10,5,15,0.52873,0,51,6,Amadio,0,16,8478020,6,16,0.31372,R,1,1,20242025,0,0,0.10526,R,57,Michael Amadio,OTT,849.098
652,37,9,35,0.48776,1,62,15,Granlund,0,26,8475798,-5,52,0.8387,C,5,16,20242025,1,1,0.10869,L,138,Mikael Granlund,"SJS,DAL",1214.6612
653,0,0,0,,0,5,0,Bellows,0,2,8479356,-3,0,0.0,L,0,0,20242025,0,0,0.0,L,7,Kieffer Bellows,NSH,655.0
654,0,0,0,,0,2,0,Lagesson,0,2,8478021,-2,0,0.0,D,0,0,20242025,0,0,0.0,L,2,William Lagesson,DET,957.0
655,2,1,3,0.47244,0,27,1,Helenius,0,14,8482726,-2,3,0.11111,C,0,0,20242025,0,0,0.0625,L,16,Samuel Helenius,LAK,517.1851
656,8,7,14,0.38235,0,62,7,O'Connor,0,19,8481186,-6,15,0.24193,R,0,0,20242025,0,1,0.09859,R,71,Logan O'Connor,COL,874.5806
657,15,2,17,,0,52,2,McCabe,0,38,8476931,21,17,0.32692,D,0,0,20242025,0,0,0.03448,L,58,Jake McCabe,TOR,1288.4615
658,0,0,0,0.33333,0,15,0,Innala,0,2,8484976,-3,0,0.0,L,0,0,20242025,0,0,0.0,L,4,Jere Innala,COL,415.2
659,5,4,9,,1,49,4,Hague,0,35,8479980,-6,9,0.18367,D,0,0,20242025,0,0,0.06896,L,58,Nicolas Hague,VGK,974.3673
660,22,12,23,0.41176,7,49,22,Guenther,3,20,8482699,4,44,0.89795,R,10,21,20242025,0,0,0.16541,R,133,Dylan Guenther,UTA,1007.6734
661,14,8,14,0.2,2,53,10,Quinn,0,14,8482097,-17,24,0.45283,R,2,10,20242025,0,0,0.10526,R,95,Jack Quinn,BUF,920.0943
662,5,2,7,0.33333,0,37,3,Atkinson,0,11,8474715,-3,8,0.21621,R,1,1,20242025,0,0,0.07317,R,41,Cam Atkinson,TBL,530.1621
663,17,13,30,0.51664,1,57,14,McLeod,0,12,8480802,9,31,0.54385,C,0,0,20242025,1,1,0.23333,L,60,Ryan McLeod,BUF,955.2456
664,17,9,23,0.52857,3,61,12,Coleman,0,28,8476399,-10,29,0.4754,L,3,4,20242025,0,2,0.08219,L,146,Blake Coleman,CGY,1062.2459
665,25,5,29,,0,60,6,Power,0,12,8482671,-9,31,0.51666,D,1,2,20242025,0,0,0.05263,L,114,Owen Power,BUF,1322.55
666,17,5,14,,1,58,6,Faber,1,21,8482122,4,23,0.39655,D,1,9,20242025,0,0,0.07894,R,76,Brock Faber,MIN,1506.6379
667,0,0,0,,0,13,0,Smith,0,18,8479379,-3,0,0.0,R,0,0,20242025,0,0,0.0,L,5,Givani Smith,"SJS,COL",379.5384
668,0,0,0,,0,3,0,Wiesblatt,0,0,8482103,1,0,0.0,C,0,0,20242025,0,0,0.0,R,1,Ozzy Wiesblatt,NSH,669.6666
669,12,12,23,0.38461,3,60,12,Kolesar,0,39,8478434,6,24,0.4,R,0,0,20242025,0,1,0.19047,R,63,Keegan Kolesar,VGK,804.4666
670,1,2,3,0.11111,0,24,2,Duehr,0,0,8482652,-11,3,0.125,R,0,0,20242025,0,0,0.13333,R,15,Walker Duehr,"CGY,SJS",528.2083
671,1,2,3,0.3,1,15,2,Colangelo,0,2,8482118,-5,3,0.2,R,0,0,20242025,0,0,0.1,R,20,Sam Colangelo,ANA,674.9333
672,23,10,31,0.4427,2,59,11,Byfield,1,30,8482124,6,34,0.57627,R,1,3,20242025,0,0,0.09734,L,113,Quinton Byfield,LAK,1114.3389
673,9,4,9,,0,43,5,Zellweger,0,12,8482803,4,14,0.32558,D,1,5,20242025,0,0,0.05681,L,88,Olen Zellweger,ANA,1130.372
674,12,3,13,,0,63,3,Zadorov,0,119,8477507,14,15,0.23809,D,0,0,20242025,0,2,0.03703,L,81,Nikita Zadorov,BOS,1227.1269
675,10,0,9,,0,59,0,Emberson,0,18,8480834,-1,10,0.16949,D,0,0,20242025,0,1,0.0,R,51,Ty Emberson,EDM,903.0
676,12,4,16,0.50896,0,59,4,Krebs,0,35,8481522,-6,16,0.27118,C,0,0,20242025,0,0,0.07547,L,53,Peyton Krebs,BUF,814.2033
677,3,3,5,0.40875,0,40,5,Ivan,0,8,8483930,-9,8,0.2,C,2,3,20242025,0,0,0.14705,L,34,Ivan Ivan,COL,602.25
678,8,0,8,0.39603,0,27,0,Lapierre,0,4,8482148,-3,8,0.29629,C,0,0,20242025,0,0,0.0,L,18,Hendrix Lapierre,WSH,587.7777
679,4,1,5,,1,33,1,George,0,6,8483448,-3,5,0.15151,D,0,0,20242025,0,0,0.03846,L,26,Isaiah George,NYI,938.7878
680,3,1,4,,0,26,1,Myers,0,9,8479026,-5,4,0.15384,D,0,0,20242025,0,0,0.02702,R,37,Philippe Myers,TOR,998.0384
681,6,13,19,0.50438,3,60,16,Gaudette,0,6,8478874,10,22,0.36666,R,3,3,20242025,0,0,0.21621,R,74,Adam Gaudette,OTT,642.7666
682,3,2,5,,1,24,2,Kolyachonok,0,2,8481609,-7,5,0.20833,D,0,0,20242025,0,0,0.14285,L,14,Vladislav Kolyachonok,"UTA,PIT",738.125
683,13,8,20,,1,62,9,Forsling,1,10,8478055,31,22,0.35483,D,0,0,20242025,1,2,0.05732,L,157,Gustav Forsling,FLA,1372.887
684,7,0,7,0.50251,0,38,0,Schwindt,0,0,8481655,2,7,0.18421,R,0,0,20242025,0,0,0.0,R,30,Cole Schwindt,VGK,561.421
685,12,9,15,0.40336,2,57,10,Dach,0,40,8481523,-29,22,0.38596,C,1,7,20242025,0,0,0.11904,R,84,Kirby Dach,MTL,940.4385
686,28,8,23,,3,56,11,Sergachev,2,20,8479410,-11,39,0.69642,D,3,16,20242025,0,0,0.11458,L,96,Mikhail Sergachev,UTA,1532.3035
687,9,6,14,0.50377,0,61,7,Kerfoot,0,10,8477021,-12,16,0.26229,C,0,1,20242025,1,1,0.09333,L,75,Alexander Kerfoot,UTA,916.5245
688,20,15,32,0.41731,1,61,18,Fantilli,0,14,8484166,0,38,0.62295,C,2,4,20242025,1,2,0.13138,L,137,Adam Fantilli,CBJ,1062.1311
689,0,0,0,1.0,0,4,0,Toninato,0,0,8476952,0,0,0.0,C,0,0,20242025,0,0,0.0,L,2,Dominic Toninato,WPG,483.25
690,9,3,11,,0,60,4,McNabb,0,22,8475188,30,13,0.21666,D,0,0,20242025,1,2,0.05479,L,73,Brayden McNabb,VGK,1218.7833
691,70,16,63,0.49401,4,62,23,MacKinnon,1,31,8477492,20,93,1.5,C,7,30,20242025,0,0,0.09236,R,249,Nathan MacKinnon,COL,1373.4677
692,12,7,19,0.45833,0,59,9,Nyquist,0,12,8474679,-21,21,0.35593,R,1,1,20242025,1,1,0.12328,L,73,Gustav Nyquist,"NSH,MIN",1056.9661
693,10,3,12,0.55102,0,55,3,Bäck,0,6,8480840,4,13,0.23636,C,0,0,20242025,0,1,0.09677,L,31,Oskar Bäck,DAL,711.4545
694,9,0,9,,0,51,0,Clifton,0,31,8477365,0,9,0.17647,D,0,0,20242025,0,0,0.0,R,40,Connor Clifton,BUF,907.549
695,19,8,24,0.59594,1,58,11,Pageau,0,23,8476419,8,30,0.51724,C,2,3,20242025,1,3,0.11224,R,98,Jean-Gabriel Pageau,NYI,1012.7758
696,2,2,4,,1,58,2,Kleven,0,23,8482095,-5,4,0.06896,D,0,0,20242025,0,0,0.03703,L,54,Tyler Kleven,OTT,858.9827
697,2,0,2,,0,16,0,Bortuzzo,0,22,8474145,-2,2,0.125,D,0,0,20242025,0,0,0.0,R,7,Robert Bortuzzo,UTA,653.1875
698,15,11,26,0.50191,2,62,14,Gaudreau,0,6,8477919,5,29,0.46774,C,3,3,20242025,0,0,0.16091,R,87,Frederick Gaudreau,MIN,918.5322
699,20,10,29,0.55821,1,59,10,Couturier,1,29,8476461,4,30,0.50847,C,0,1,20242025,0,0,0.09433,L,106,Sean Couturier,PHI,995.2203
700,16,3,14,,0,57,8,Letang,0,38,8471724,-16,24,0.42105,D,4,9,20242025,1,1,0.0606,R,132,Kris Letang,PIT,1410.5438
701,40,7,29,,1,61,9,Morrissey,1,22,8477504,10,49,0.80327,D,2,20,20242025,0,0,0.06766,L,133,Josh Morrissey,WPG,1447.4262
702,26,10,32,0.51585,1,61,14,Lundell,0,26,8482113,15,40,0.65573,C,2,6,20242025,2,2,0.11864,L,118,Anton Lundell,FLA,1005.918
703,3,1,4,0.0,1,40,1,Johnston,0,72,8477527,-2,4,0.1,L,0,0,20242025,0,0,0.11111,L,9,Ross Johnston,ANA,514.6
704,10,1,11,0.4628,1,32,1,Poitras,0,6,8483505,-4,11,0.34375,C,0,0,20242025,0,0,0.03703,R,27,Matthew Poitras,BOS,785.8437
705,2,0,2,,0,11,0,McIlrath,0,14,8475795,1,2,0.18181,D,0,0,20242025,0,0,0.0,R,4,Dylan McIlrath,WSH,654.4545
706,14,1,15,,0,60,1,Dumoulin,0,10,8475208,1,15,0.25,D,0,0,20242025,0,0,0.01818,L,55,Brian Dumoulin,ANA,1189.05
707,14,5,19,0.52397,1,59,6,Steel,0,22,8479351,0,20,0.33898,C,0,0,20242025,1,1,0.07894,L,76,Sam Steel,DAL,877.1694
708,17,4,19,,0,62,4,Burns,0,22,8470613,4,21,0.3387,D,0,2,20242025,0,0,0.02739,R,146,Brent Burns,CAR,1281.6451
709,5,3,7,,1,28,3,Brannstrom,0,17,8480073,-4,8,0.28571,D,0,1,20242025,0,0,0.0909,L,33,Erik Brannstrom,VAN,896.1428
710,2,1,3,0.39473,0,23,1,Thomas,0,7,8480851,-4,3,0.13043,C,0,0,20242025,0,0,0.05263,R,19,Akil Thomas,LAK,588.6086
711,9,11,19,0.36666,3,61,12,Olivier,0,113,8479671,-6,21,0.34426,R,0,0,20242025,1,2,0.15,R,80,Mathieu Olivier,CBJ,865.754
712,19,7,24,0.5,1,56,7,Tsyplakov,0,33,8484958,7,26,0.46428,R,0,2,20242025,0,0,0.0909,L,77,Maxim Tsyplakov,NYI,940.8392
713,0,0,0,,0,2,0,Barré-Boulet,0,2,8479718,-2,0,0.0,C,0,0,20242025,0,0,,L,0,Alex Barré-Boulet,MTL,609.5
714,0,1,1,0.48101,0,11,1,Kozak,0,0,8482896,-2,1,0.0909,C,0,0,20242025,0,0,0.16666,L,6,Tyson Kozak,BUF,624.8181
715,53,12,41,0.0,1,63,17,Bratt,0,14,8479407,10,70,1.11111,L,4,27,20242025,1,2,0.1223,L,139,Jesper Bratt,NJD,1121.4444
716,4,8,12,0.38461,2,60,9,Crouse,0,28,8478474,-8,13,0.21666,L,1,1,20242025,0,0,0.09375,L,96,Lawson Crouse,UTA,852.45
717,0,0,0,0.16666,0,14,0,Pezzetta,0,10,8479543,-4,0,0.0,L,0,0,20242025,0,0,0.0,L,7,Michael Pezzetta,MTL,337.0714
718,4,4,8,0.5,1,22,4,Berard,0,8,8482132,-7,8,0.36363,L,0,0,20242025,0,0,0.1081,L,37,Brett Berard,NYR,671.5454
719,0,0,0,,0,7,0,Jones,0,8,8479368,-4,0,0.0,L,0,0,20242025,0,0,0.0,L,2,Max Jones,BOS,600.5714
720,21,5,22,,0,61,7,Provorov,0,18,8478500,7,28,0.45901,D,1,3,20242025,1,3,0.09459,L,74,Ivan Provorov,CBJ,1408.295
721,3,1,4,,0,25,1,Bernard-Docker,0,4,8480879,2,4,0.16,D,0,0,20242025,0,0,0.05555,R,18,Jacob Bernard-Docker,OTT,786.36
722,4,0,4,,0,27,0,Smith,0,31,8474090,-8,4,0.14814,D,0,0,20242025,0,0,0.0,L,22,Brendan Smith,DAL,771.4444
723,0,0,0,1.0,0,4,0,Bowers,0,0,8480032,-1,0,0.0,C,0,0,20242025,0,0,0.0,L,2,Shane Bowers,NJD,495.25
724,0,0,0,0.0,0,2,0,Asplund,0,0,8479335,0,0,0.0,C,0,0,20242025,0,0,0.0,L,1,Rasmus Asplund,FLA,451.5
725,11,3,14,,2,62,3,DeMelo,0,32,8476331,24,14,0.2258,D,0,0,20242025,0,0,0.05357,R,56,Dylan DeMelo,WPG,1288.629
726,5,2,7,,0,44,2,Bean,0,8,8479402,-1,7,0.15909,D,0,0,20242025,0,0,0.03636,L,55,Jake Bean,CGY,952.7727
727,23,20,35,0.43811,2,60,23,Donato,0,30,8477987,-9,46,0.76666,C,3,11,20242025,0,0,0.16911,L,136,Ryan Donato,CHI,929.0166
728,21,12,31,0.38709,3,62,14,Lafrenière,0,24,8482109,-15,35,0.56451,L,2,4,20242025,0,0,0.10852,L,129,Alexis Lafrenière,NYR,1049.5967
729,0,0,0,,0,3,0,Petrovic,0,2,8475755,-3,0,0.0,D,0,0,20242025,0,0,0.0,R,1,Alexander Petrovic,DAL,704.3333
730,0,0,0,0.5,0,6,0,Lycksell,0,0,8480245,-1,0,0.0,R,0,0,20242025,0,0,0.0,L,3,Olle Lycksell,PHI,633.5
731,17,23,34,0.0,6,46,32,Ovechkin,1,14,8471214,16,49,1.06521,L,9,15,20242025,0,0,0.18181,R,176,Alex Ovechkin,WSH,1070.1521
732,25,6,19,,2,61,7,Rielly,1,19,8476853,-15,32,0.52459,D,1,12,20242025,0,1,0.0707,L,99,Morgan Rielly,TOR,1294.1311
733,1,0,1,0.5,0,24,0,Martin,0,10,8474709,-2,1,0.04166,L,0,0,20242025,0,0,0.0,L,12,Matt Martin,NYI,467.2916
734,14,10,22,0.49506,1,58,12,Foligno,0,44,8473422,-13,26,0.44827,L,2,4,20242025,0,0,0.15384,L,78,Nick Foligno,CHI,974.3103
735,32,19,38,0.50226,6,56,32,Point,2,2,8478010,10,64,1.14285,C,13,26,20242025,0,0,0.22068,R,145,Brayden Point,TBL,1179.9464
736,3,2,4,,0,28,2,Shea,0,6,8478854,-5,5,0.17857,D,0,1,20242025,0,0,0.13333,L,15,Ryan Shea,PIT,989.6785
737,0,0,0,,0,1,0,Clurman,0,2,8479594,0,0,0.0,D,0,0,20242025,0,0,0.0,R,4,Nathan Clurman,PIT,665.0
738,5,2,6,,0,60,2,Pachal,0,80,8481167,0,7,0.11666,D,0,0,20242025,0,1,0.04166,R,48,Brayden Pachal,CGY,870.4
739,3,0,3,,0,27,0,Kessel,0,10,8482516,-3,3,0.11111,D,0,0,20242025,0,0,0.0,R,17,Matthew Kessel,STL,785.1851
740,24,13,27,0.28571,5,61,22,Huberdeau,1,32,8476456,-5,46,0.75409,L,7,16,20242025,2,3,0.19469,L,113,Jonathan Huberdeau,CGY,1146.0819
741,17,20,31,0.0,3,57,24,Knies,0,26,8482720,2,41,0.71929,L,4,9,20242025,0,1,0.24,L,100,Matthew Knies,TOR,1106.4561
742,6,4,9,,0,49,6,Liljegren,0,28,8480043,-15,12,0.24489,D,2,3,20242025,0,0,0.08,R,75,Timothy Liljegren,"TOR,SJS",1084.2448
743,2,2,4,0.125,0,27,2,Rempe,0,48,8482460,6,4,0.14814,C,0,0,20242025,0,0,0.11111,R,18,Matt Rempe,NYR,468.2222
744,11,6,15,0.49603,1,53,12,Sharangovich,0,6,8481068,-7,23,0.43396,C,5,7,20242025,1,1,0.12121,L,99,Yegor Sharangovich,CGY,1029.415
745,11,5,14,,1,56,5,Miller,0,12,8480817,-3,16,0.28571,D,0,2,20242025,0,0,0.05882,L,85,K'Andre Miller,NYR,1310.5178
746,7,6,13,0.58807,0,61,7,Stenlund,0,26,8478831,-14,14,0.2295,C,0,0,20242025,1,1,0.09589,R,73,Kevin Stenlund,UTA,855.8032
747,4,5,9,0.0,2,51,5,Edstrom,0,27,8481726,-5,9,0.17647,C,0,0,20242025,0,0,0.125,L,40,Adam Edstrom,NYR,556.4117
748,15,2,16,,0,57,2,Tanev,0,18,8475690,26,17,0.29824,D,0,0,20242025,0,1,0.06666,R,30,Chris Tanev,TOR,1187.5789
749,11,11,22,0.23076,1,62,11,Foligno,0,62,8475220,9,22,0.35483,L,0,0,20242025,0,0,0.16666,L,66,Marcus Foligno,MIN,846.7258
750,10,2,12,,0,63,2,Dillon,0,65,8475455,15,12,0.19047,D,0,0,20242025,0,0,0.05882,L,34,Brenden Dillon,NJD,1105.238
751,2,0,2,0.0,0,35,0,Reaves,0,28,8471817,-2,2,0.05714,R,0,0,20242025,0,0,0.0,R,14,Ryan Reaves,TOR,468.0285
752,4,1,5,0.48648,0,28,1,Gustafsson,0,7,8481019,9,5,0.17857,C,0,0,20242025,0,0,0.04,L,25,David Gustafsson,WPG,537.3571
753,11,10,18,0.50441,5,49,14,Pinto,0,16,8481596,8,25,0.5102,C,1,2,20242025,3,5,0.14285,R,98,Shane Pinto,OTT,1057.4285
754,12,3,15,,1,57,3,Seeler,0,28,8476372,7,15,0.26315,D,0,0,20242025,0,0,0.05172,L,58,Nick Seeler,PHI,992.3508
755,0,0,0,,0,8,0,Stienburg,0,22,8481737,0,0,0.0,C,0,0,20242025,0,0,0.0,R,4,Matt Stienburg,COL,365.375
756,8,12,18,0.55,3,60,13,Perry,0,34,8470621,11,21,0.35,R,1,3,20242025,0,0,0.18309,R,71,Corey Perry,EDM,690.7
757,16,13,24,0.33333,3,43,15,Marchment,0,39,8478975,10,31,0.72093,L,2,7,20242025,0,0,0.15306,L,98,Mason Marchment,DAL,930.8372
758,23,9,23,0.41895,3,62,11,Mittelstadt,0,20,8479999,-12,34,0.54838,C,2,11,20242025,0,0,0.1358,L,81,Casey Mittelstadt,COL,1024.258
759,26,8,29,0.52816,4,63,12,Zacha,2,19,8478401,0,38,0.60317,C,2,6,20242025,2,3,0.11214,L,107,Pavel Zacha,BOS,1161.3333
760,16,9,23,0.45783,1,58,10,Hall,0,22,8475791,-12,26,0.44827,L,1,3,20242025,0,0,0.09523,L,105,Taylor Hall,"CHI,CAR",894.6551
761,13,3,14,,0,55,3,Cernak,0,33,8478416,25,16,0.2909,D,0,0,20242025,0,2,0.06,R,50,Erik Cernak,TBL,1111.0363
762,25,5,25,,1,60,5,Chabot,1,22,8478469,13,30,0.5,D,0,5,20242025,0,0,0.03546,L,141,Thomas Chabot,OTT,1383.1166
763,31,4,18,,0,61,5,Seider,0,30,8481542,-4,36,0.59016,D,1,18,20242025,0,0,0.04132,R,121,Moritz Seider,DET,1512.3606
764,15,10,21,0.27777,1,62,15,Neighbours,1,37,8482089,-3,30,0.48387,L,5,9,20242025,0,0,0.14705,L,102,Jake Neighbours,STL,963.0806
765,21,16,32,0.41379,2,61,20,Palmieri,0,14,8475151,-7,41,0.67213,C,4,8,20242025,0,1,0.16949,R,118,Kyle Palmieri,NYI,1092.5409
766,5,1,6,0.2,0,20,1,Di Giuseppe,0,4,8476858,-2,6,0.3,L,0,0,20242025,0,0,0.04347,L,23,Phillip Di Giuseppe,VAN,693.9
767,9,5,14,0.39285,2,59,5,Lorentz,0,4,8478904,4,14,0.23728,C,0,0,20242025,0,0,0.09615,L,52,Steven Lorentz,TOR,625.8135
768,9,11,17,0.43073,3,61,12,Newhook,0,22,8481618,-13,21,0.34426,C,1,4,20242025,0,0,0.14457,L,83,Alex Newhook,MTL,909.836
769,20,8,19,0.45138,1,58,10,Namestnikov,0,32,8476480,19,30,0.51724,C,2,10,20242025,0,1,0.13888,L,72,Vladislav Namestnikov,WPG,904.6206
770,0,0,0,,0,1,0,Gauthier,0,0,8479328,0,0,0.0,R,0,0,20242025,0,0,,R,0,Julien Gauthier,NYI,462.0
771,12,4,12,0.46666,0,62,8,Iafallo,0,15,8480113,13,20,0.32258,L,4,8,20242025,0,0,0.10126,L,79,Alex Iafallo,WPG,752.8709
772,16,10,25,0.49591,1,59,11,Laughton,0,21,8476872,-16,27,0.45762,C,0,0,20242025,1,2,0.10784,L,102,Scott Laughton,PHI,905.1355
773,1,0,1,0.66666,0,4,0,Savoie,0,0,8483512,-4,1,0.25,C,0,0,20242025,0,0,0.0,R,6,Matt Savoie,EDM,751.0
774,28,5,25,,2,62,9,Pionk,1,44,8480145,18,37,0.59677,D,4,11,20242025,0,1,0.08108,R,111,Neal Pionk,WPG,1332.8709
775,0,2,2,0.42857,0,12,2,McLaughlin,0,0,8483397,-1,2,0.16666,C,0,0,20242025,0,0,0.15384,R,13,Marc McLaughlin,BOS,551.75
776,7,4,11,0.34285,2,56,6,Trenin,0,33,8478508,2,13,0.23214,C,0,0,20242025,2,2,0.10169,L,59,Yakov Trenin,MIN,780.25
777,36,22,44,0.31428,2,58,24,Marchenko,1,14,8480893,32,60,1.03448,R,2,16,20242025,0,0,0.15384,R,156,Kirill Marchenko,CBJ,1128.1896
778,17,12,25,0.48809,0,54,16,McTavish,0,28,8482745,0,33,0.61111,C,4,8,20242025,0,0,0.13913,L,115,Mason McTavish,ANA,995.9259
779,3,1,4,,0,13,1,Kylington,0,4,8478430,-3,4,0.30769,D,0,0,20242025,0,0,0.25,L,4,Oliver Kylington,COL,779.3076
780,22,7,28,,3,58,7,Toews,2,18,8478038,21,29,0.5,D,0,1,20242025,0,0,0.06306,L,111,Devon Toews,COL,1487.9655
781,0,1,1,,0,7,1,Blümel,0,0,8481712,-1,1,0.14285,R,0,0,20242025,0,0,0.1,L,10,Matj Blümel,DAL,506.0
782,8,2,10,,0,45,2,Miller,0,30,8476525,11,10,0.22222,D,0,0,20242025,0,0,0.04255,R,47,Colin Miller,WPG,832.0888
783,7,1,8,,0,43,1,Allan,0,16,8482700,-13,8,0.18604,D,0,0,20242025,0,0,0.05882,L,17,Nolan Allan,CHI,907.6976
784,7,2,9,0.36619,0,30,4,Doan,0,6,8482659,-4,11,0.36666,R,2,2,20242025,0,0,0.08,R,50,Josh Doan,UTA,833.1333
785,7,7,13,0.0,0,46,10,Heineman,0,16,8482476,-1,17,0.36956,L,3,4,20242025,0,0,0.2,L,50,Emil Heineman,MTL,679.0
786,4,3,7,0.33333,1,15,3,Soderblom,0,4,8481725,0,7,0.46666,L,0,0,20242025,0,0,0.13636,L,22,Elmer Soderblom,DET,775.4666
787,3,3,3,,0,23,3,Thompson,0,10,8482144,-6,6,0.26086,D,0,3,20242025,0,0,0.09375,R,32,Jack Thompson,SJS,945.0869
788,26,10,27,,2,59,11,Harley,1,12,8481581,28,37,0.62711,D,1,10,20242025,0,0,0.0887,L,124,Thomas Harley,DAL,1380.3898
789,44,3,27,,0,61,4,Hutson,0,32,8483457,-15,48,0.78688,D,1,21,20242025,0,0,0.05714,L,70,Lane Hutson,MTL,1342.9016
790,16,3,18,,1,56,3,Pettersson,0,33,8477969,-1,19,0.33928,D,0,0,20242025,0,1,0.05882,L,51,Marcus Pettersson,"PIT,VAN",1318.4821
791,19,16,32,0.46938,5,62,19,Schwartz,0,20,8475768,-3,38,0.6129,C,3,6,20242025,0,0,0.13286,L,143,Jaden Schwartz,SEA,1089.2258
792,0,0,0,,0,5,0,Alexeyev,0,0,8480823,4,0,0.0,D,0,0,20242025,0,0,0.0,L,4,Alexander Alexeyev,WSH,793.2
793,0,0,0,,0,1,0,Morelli,0,0,8481462,-1,0,0.0,L,0,0,20242025,0,0,,L,0,Mason Morelli,VGK,451.0
794,17,12,27,,2,61,16,Dadonov,0,6,8474149,11,33,0.54098,R,4,6,20242025,0,0,0.15686,L,102,Evgenii Dadonov,DAL,839.1967
795,1,1,2,1.0,0,17,1,Reinhardt,0,15,8481133,-4,2,0.11764,L,0,0,20242025,0,0,0.07692,L,13,Cole Reinhardt,OTT,492.1176
796,0,0,0,,0,35,0,Juulsen,0,21,8478454,-12,0,0.0,D,0,0,20242025,0,0,0.0,R,26,Noah Juulsen,VAN,977.4285
797,5,6,11,0.46728,1,31,6,Brodzinski,0,4,8477380,8,11,0.35483,C,0,0,20242025,0,0,0.16666,R,36,Jonny Brodzinski,NYR,654.7741
798,4,2,6,0.41935,0,24,2,Sasson,0,0,8484136,3,6,0.25,C,0,0,20242025,0,0,0.08,L,25,Max Sasson,VAN,605.8333
799,5,4,9,0.45454,1,39,4,Carrier,0,16,8477478,2,9,0.23076,L,0,0,20242025,0,0,0.09523,L,42,William Carrier,CAR,696.8717
800,15,6,20,0.38235,2,61,7,Brown,1,8,8477015,3,22,0.36065,R,0,0,20242025,1,2,0.08641,R,81,Connor Brown,EDM,810.0491
801,8,5,11,0.57142,0,41,5,Carcone,0,29,8479619,-7,13,0.31707,L,0,2,20242025,0,0,0.07812,L,64,Michael Carcone,UTA,699.0975
802,6,3,9,,0,64,4,Borgen,0,19,8478840,-10,10,0.15625,D,0,0,20242025,1,1,0.06666,R,60,Will Borgen,"SEA,NYR",1010.8281
803,5,2,7,0.5,0,40,2,Grundstrom,0,18,8479336,-12,7,0.175,R,0,0,20242025,0,0,0.03508,L,57,Carl Grundstrom,SJS,550.1
804,23,14,31,0.56115,4,61,15,Benn,1,60,8473994,4,38,0.62295,L,1,7,20242025,0,0,0.14018,L,107,Jamie Benn,DAL,936.0
805,10,4,14,,0,44,4,Guhle,0,27,8482087,2,14,0.31818,D,0,0,20242025,0,0,0.06896,L,58,Kaiden Guhle,MTL,1274.0227
806,2,4,6,0.47058,0,50,4,Rooney,0,14,8479291,-5,6,0.12,C,0,0,20242025,0,0,0.11111,L,36,Kevin Rooney,CGY,568.88
807,3,1,3,,1,23,1,Ohgren,0,2,8483499,-7,4,0.17391,L,0,1,20242025,0,0,0.03571,L,28,Liam Ohgren,MIN,666.0
808,13,12,21,0.46833,1,50,13,Chytil,0,18,8480078,-1,26,0.52,C,1,5,20242025,0,0,0.11206,L,116,Filip Chytil,"NYR,VAN",900.46
809,0,0,0,1.0,0,7,0,Grebenkin,0,2,8483733,-3,0,0.0,R,0,0,20242025,0,0,0.0,L,2,Nikita Grebenkin,TOR,524.8571
810,0,0,0,0.2,0,4,0,Ponomarev,0,2,8482102,-1,0,0.0,C,0,0,20242025,0,0,0.0,L,4,Vasily Ponomarev,PIT,553.0
811,29,11,31,0.55601,2,61,24,Larkin,0,38,8477946,-6,53,0.86885,C,13,22,20242025,0,0,0.12435,L,193,Dylan Larkin,DET,1196.8688
812,7,11,18,0.48979,2,63,15,Coyle,0,18,8475745,-14,22,0.3492,C,3,3,20242025,1,1,0.16304,R,92,Charlie Coyle,BOS,1058.492
813,0,0,0,,0,3,0,Johnson,0,0,8481147,0,0,0.0,C,0,0,20242025,0,0,0.0,R,1,Reese Johnson,MIN,571.6666
814,5,6,11,0.36363,2,47,6,Kapanen,0,10,8477953,-15,11,0.23404,R,0,0,20242025,0,0,0.12244,R,49,Kasperi Kapanen,"STL,EDM",688.1914
815,10,1,10,,1,53,2,Chisholm,0,8,8480990,-3,12,0.22641,D,1,2,20242025,0,0,0.03508,L,57,Declan Chisholm,MIN,1039.3773
816,0,1,1,0.5,0,6,1,Cardwell,0,2,8482206,-2,1,0.16666,R,0,0,20242025,0,0,0.2,R,5,Ethan Cardwell,SJS,691.8333
817,9,12,17,0.4299,2,52,13,Novak,0,4,8478438,-5,22,0.42307,C,1,5,20242025,0,0,0.14772,L,88,Tommy Novak,NSH,794.3653
818,0,0,0,0.0,0,1,0,Hardman,0,0,8482635,0,0,0.0,L,0,0,20242025,0,0,,L,0,Mike Hardman,NJD,504.0
819,2,3,5,0.5,2,40,4,Gregor,0,17,8479393,-12,6,0.15,L,0,0,20242025,1,1,0.08695,L,46,Noah Gregor,OTT,680.8
820,2,1,2,0.4,0,31,1,Nieto,0,2,8476442,-8,3,0.09677,L,0,1,20242025,0,0,0.03333,L,30,Matt Nieto,PIT,733.7096
821,4,8,11,0.37931,6,48,17,Kreider,0,20,8475184,-6,21,0.4375,L,6,7,20242025,3,3,0.14166,L,120,Chris Kreider,NYR,1034.1875
822,16,4,18,,2,50,7,McAvoy,0,46,8479325,0,23,0.46,D,2,4,20242025,1,1,0.07142,R,98,Charlie McAvoy,BOS,1420.22
823,23,16,36,0.5968,5,60,20,Horvat,2,8,8477500,7,43,0.71666,C,3,6,20242025,1,1,0.11428,L,175,Bo Horvat,NYI,1200.45
824,0,0,0,,0,9,0,Korchinski,0,4,8483466,-5,0,0.0,D,0,0,20242025,0,0,0.0,L,7,Kevin Korchinski,CHI,1006.4444
825,8,5,12,0.48275,0,49,6,Holmberg,0,25,8480995,0,14,0.28571,R,0,1,20242025,1,1,0.12,L,50,Pontus Holmberg,TOR,801.2448
826,4,4,8,0.0,0,31,5,Duclair,0,8,8477407,-10,9,0.29032,L,1,1,20242025,0,0,0.11363,L,44,Anthony Duclair,NYI,908.1935
827,22,1,12,,0,62,2,Vlasic,0,10,8481568,-11,24,0.38709,D,1,12,20242025,0,0,0.0238,L,84,Alex Vlasic,CHI,1419.4193
828,0,0,0,,0,7,0,Imama,0,9,8478147,1,0,0.0,L,0,0,20242025,0,0,0.0,L,3,Bokondji Imama,PIT,318.2857
829,0,1,1,0.38888,0,6,1,Bishop,0,0,8478056,-2,1,0.16666,C,0,0,20242025,0,0,0.25,L,4,Clark Bishop,CGY,435.0
830,11,3,14,,1,44,3,Zamula,0,4,8481178,-10,14,0.31818,D,0,0,20242025,0,0,0.11111,L,27,Egor Zamula,PHI,1009.6818
831,9,4,13,0.55063,0,54,4,Kastelic,0,95,8480355,-2,13,0.24074,C,0,0,20242025,0,0,0.06451,R,62,Mark Kastelic,BOS,650.2592
832,0,0,0,0.0,0,5,0,Sheary,0,4,8477839,-2,0,0.0,L,0,0,20242025,0,0,0.0,L,3,Conor Sheary,TBL,680.0
833,5,4,8,0.53104,0,64,4,Acciari,0,12,8478569,-22,9,0.14062,C,0,0,20242025,0,1,0.0625,R,64,Noel Acciari,PIT,809.4531
834,6,6,12,0.62724,1,47,7,Sturm,0,13,8481477,-4,13,0.27659,C,0,0,20242025,1,1,0.18421,L,38,Nico Sturm,SJS,607.851
835,1,2,3,,0,12,2,Del Mastro,0,2,8482807,-1,3,0.25,D,0,0,20242025,0,0,0.25,L,8,Ethan Del Mastro,CHI,1002.9166
836,4,7,10,0.55,0,53,7,Walker,0,36,8477573,-4,11,0.20754,L,0,0,20242025,0,1,0.14583,L,48,Nathan Walker,STL,705.849
837,4,2,5,0.0,0,15,2,Richard,0,0,8478409,-3,6,0.4,C,0,1,20242025,0,0,0.10526,L,19,Anthony Richard,PHI,741.8
838,20,4,18,0.4976,1,53,4,Domi,0,44,8477503,4,24,0.45283,C,0,6,20242025,0,0,0.05405,L,74,Max Domi,TOR,869.4905
839,3,3,5,0.56527,0,61,4,Glendening,0,10,8476822,-7,7,0.11475,C,0,0,20242025,1,2,0.09302,R,43,Luke Glendening,TBL,651.377
840,0,0,0,,0,2,0,Rosen,0,0,8482765,-1,0,0.0,R,0,0,20242025,0,0,0.0,L,1,Isak Rosen,BUF,547.5
841,46,15,42,0.50423,5,61,19,Suzuki,4,6,8480018,6,65,1.06557,C,3,22,20242025,1,1,0.15079,R,126,Nick Suzuki,MTL,1170.7049
842,1,2,3,,0,11,2,Lekkerimaki,0,2,8483476,-6,3,0.27272,R,0,0,20242025,0,0,0.125,R,16,Jonathan Lekkerimaki,VAN,827.3636
843,35,11,28,0.4,3,46,16,Stone,0,8,8475913,17,51,1.10869,R,5,22,20242025,0,1,0.17021,R,94,Mark Stone,VGK,1184.6521
844,24,23,40,0.52173,1,63,29,Rakell,1,10,8476483,-23,53,0.84126,R,6,13,20242025,0,0,0.17575,R,165,Rickard Rakell,PIT,1160.873
845,3,1,4,0.43209,1,61,1,Girgensons,0,31,8476878,-6,4,0.06557,C,0,0,20242025,0,0,0.0147,L,68,Zemgus Girgensons,TBL,696.0
846,1,0,1,,0,10,0,Pettersson,0,2,8483678,-1,1,0.1,D,0,0,20242025,0,0,0.0,L,8,Elias Pettersson,VAN,742.7
847,10,10,19,0.0,1,61,15,Gallagher,0,25,8475848,-11,25,0.40983,R,5,6,20242025,0,0,0.13157,R,114,Brendan Gallagher,MTL,823.4754
848,3,1,4,0.3,1,21,1,Highmore,0,6,8478146,-5,4,0.19047,C,0,0,20242025,0,0,0.04347,L,23,Matthew Highmore,OTT,718.5714
849,21,6,25,0.2647,2,59,8,Brink,0,14,8481553,-9,29,0.49152,R,2,4,20242025,0,0,0.09638,R,83,Bobby Brink,PHI,858.2203
850,15,5,14,0.45454,1,58,14,Bunting,0,48,8478047,-18,29,0.5,L,9,15,20242025,0,0,0.12727,L,110,Michael Bunting,PIT,914.8275
851,4,1,5,,0,25,1,Del Gaizo,0,17,8481743,1,5,0.2,D,0,0,20242025,0,0,0.02439,L,41,Marc Del Gaizo,NSH,969.08
852,5,1,6,0.51811,0,49,1,Dellandrea,0,37,8480848,-20,6,0.12244,C,0,0,20242025,0,0,0.02777,R,36,Ty Dellandrea,SJS,703.4489
853,8,3,10,,0,62,3,Kulikov,0,34,8475179,11,11,0.17741,D,0,1,20242025,0,0,0.05172,L,58,Dmitry Kulikov,FLA,1176.5645
854,26,16,33,0.41666,5,61,21,Marchand,2,62,8473419,-8,47,0.77049,L,5,13,20242025,0,1,0.12,L,175,Brad Marchand,BOS,1106.3606
855,33,14,33,0.29411,3,53,19,Ehlers,1,8,8477940,16,52,0.98113,L,5,19,20242025,0,0,0.13768,L,138,Nikolaj Ehlers,WPG,955.9245
856,0,0,0,0.2,0,11,0,Rondbjerg,0,0,8480007,-3,0,0.0,R,0,0,20242025,0,0,0.0,L,9,Jonas Rondbjerg,VGK,578.909
857,0,0,0,,0,21,0,MacDermid,0,23,8477073,-3,0,0.0,L,0,0,20242025,0,0,0.0,L,6,Kurtis MacDermid,NJD,345.1428
858,0,3,3,0.75,2,27,3,Gadjovich,0,19,8479981,-5,3,0.11111,L,0,0,20242025,0,0,0.10714,L,28,Jonah Gadjovich,FLA,474.7777
859,16,13,27,0.29032,3,62,17,Cuylle,0,30,8482157,10,33,0.53225,L,2,3,20242025,2,3,0.14782,L,115,Will Cuylle,NYR,897.2258
860,4,1,5,,1,33,1,Hanley,0,13,8477810,6,5,0.15151,D,0,0,20242025,0,0,0.04166,L,24,Joel Hanley,CGY,1032.8484
861,0,0,0,,0,23,0,Matinpalo,0,12,8484321,-1,0,0.0,D,0,0,20242025,0,0,0.0,R,30,Nikolas Matinpalo,OTT,729.913
862,11,3,13,,0,62,3,Schneider,0,10,8482073,5,14,0.2258,D,0,0,20242025,0,1,0.03797,R,79,Braden Schneider,NYR,1052.4354
863,11,4,15,0.51503,0,48,4,Poehling,0,12,8480068,-3,15,0.3125,C,0,0,20242025,0,0,0.0909,L,44,Ryan Poehling,PHI,789.25
864,18,2,20,,0,52,2,Roy,0,23,8478911,21,20,0.38461,D,0,0,20242025,0,0,0.03278,R,61,Matt Roy,WSH,1180.5769
